ranks,views,article,,,,,
1,164398248,Main Page,Main_Page,"""",Main_Page,""",","""Main_Page"","
2,24128196,Jeffrey Dahmer,Jeffrey_Dahmer,"""",Jeffrey_Dahmer,""",","""Jeffrey_Dahmer"","
3,8720692,Rishi Sunak,Rishi_Sunak,"""",Rishi_Sunak,""",","""Rishi_Sunak"","
4,6045953,-,-,"""",-,""",","""-"","
5,5896334,Cleopatra,Cleopatra,"""",Cleopatra,""",","""Cleopatra"","
6,5367653,House of the Dragon,House_of_the_Dragon,"""",House_of_the_Dragon,""",","""House_of_the_Dragon"","
7,5179193,Christopher Scarver,Christopher_Scarver,"""",Christopher_Scarver,""",","""Christopher_Scarver"","
8,5028753,Ponniyin Selvan: I,Ponniyin_Selvan:_I,"""",Ponniyin_Selvan:_I,""",","""Ponniyin_Selvan:_I"","
10,4283583,Black Adam (film),Black_Adam_(film),"""",Black_Adam_(film),""",","""Black_Adam_(film)"","
11,4029244,Kantara (film),Kantara_(film),"""",Kantara_(film),""",","""Kantara_(film)"","
12,4021192,YouTube,YouTube,"""",YouTube,""",","""YouTube"","
13,3922846,Deaths in 2022,Deaths_in_2022,"""",Deaths_in_2022,""",","""Deaths_in_2022"","
14,3807177,Marilyn Monroe,Marilyn_Monroe,"""",Marilyn_Monroe,""",","""Marilyn_Monroe"","
15,3425662,Liz Truss,Liz_Truss,"""",Liz_Truss,""",","""Liz_Truss"","
16,3321705,ICC Men's T20 World Cup,ICC_Men's_T20_World_Cup,"""",ICC_Men's_T20_World_Cup,""",","""ICC_Men's_T20_World_Cup"","
17,3007718,John Wayne Gacy,John_Wayne_Gacy,"""",John_Wayne_Gacy,""",","""John_Wayne_Gacy"","
18,2981920,Robbie Coltrane,Robbie_Coltrane,"""",Robbie_Coltrane,""",","""Robbie_Coltrane"","
19,2856377,The Lord of the Rings: The Rings of Power,The_Lord_of_the_Rings:_The_Rings_of_Power,"""",The_Lord_of_the_Rings:_The_Rings_of_Power,""",","""The_Lord_of_the_Rings:_The_Rings_of_Power"","
20,2716289,XXX: Return of Xander Cage,XXX:_Return_of_Xander_Cage,"""",XXX:_Return_of_Xander_Cage,""",","""XXX:_Return_of_Xander_Cage"","
21,2709091,2022 Russian invasion of Ukraine,2022_Russian_invasion_of_Ukraine,"""",2022_Russian_invasion_of_Ukraine,""",","""2022_Russian_invasion_of_Ukraine"","
22,2667039,2022 ICC Men's T20 World Cup,2022_ICC_Men's_T20_World_Cup,"""",2022_ICC_Men's_T20_World_Cup,""",","""2022_ICC_Men's_T20_World_Cup"","
23,2527674,Halloween,Halloween,"""",Halloween,""",","""Halloween"","
24,2481804,Leslie Jordan,Leslie_Jordan,"""",Leslie_Jordan,""",","""Leslie_Jordan"","
25,2473056,Halloween Ends,Halloween_Ends,"""",Halloween_Ends,""",","""Halloween_Ends"","
26,2350049,The Watcher (2022 TV series),The_Watcher_(2022_TV_series),"""",The_Watcher_(2022_TV_series),""",","""The_Watcher_(2022_TV_series)"","
27,2306602,Elon Musk,Elon_Musk,"""",Elon_Musk,""",","""Elon_Musk"","
28,2297343,Smile (2022 film),Smile_(2022_film),"""",Smile_(2022_film),""",","""Smile_(2022_film)"","
29,2236723,Akshata Murty,Akshata_Murty,"""",Akshata_Murty,""",","""Akshata_Murty"","
30,2227263,Angela Lansbury,Angela_Lansbury,"""",Angela_Lansbury,""",","""Angela_Lansbury"","
31,2125116,Kanye West,Kanye_West,"""",Kanye_West,""",","""Kanye_West"","
32,2115677,Empress Elisabeth of Austria,Empress_Elisabeth_of_Austria,"""",Empress_Elisabeth_of_Austria,""",","""Empress_Elisabeth_of_Austria"","
33,2099636,Erling Haaland,Erling_Haaland,"""",Erling_Haaland,""",","""Erling_Haaland"","
34,2092867,Evan Peters,Evan_Peters,"""",Evan_Peters,""",","""Evan_Peters"","
35,2055425,2022 FIFA World Cup,2022_FIFA_World_Cup,"""",2022_FIFA_World_Cup,""",","""2022_FIFA_World_Cup"","
36,2028898,XNXX,XNXX,"""",XNXX,""",","""XNXX"","
37,2007209,Diwali,Diwali,"""",Diwali,""",","""Diwali"","
38,1955217,2022 Brazilian general election,2022_Brazilian_general_election,"""",2022_Brazilian_general_election,""",","""2022_Brazilian_general_election"","
39,1918555,Charles Cullen,Charles_Cullen,"""",Charles_Cullen,""",","""Charles_Cullen"","
40,1914118,XXX (film series),XXX_(film_series),"""",XXX_(film_series),""",","""XXX_(film_series)"","
41,1887884,Bible,Bible,"""",Bible,""",","""Bible"","
43,1832854,Jerry Lee Lewis,Jerry_Lee_Lewis,"""",Jerry_Lee_Lewis,""",","""Jerry_Lee_Lewis"","
44,1816657,Elizabeth II,Elizabeth_II,"""",Elizabeth_II,""",","""Elizabeth_II"","
45,1788290,Premier League,Premier_League,"""",Premier_League,""",","""Premier_League"","
46,1766993,Black Adam,Black_Adam,"""",Black_Adam,""",","""Black_Adam"","
47,1764210,Wikipedia,Wikipedia,"""",Wikipedia,""",","""Wikipedia"","
48,1716073,Loretta Lynn,Loretta_Lynn,"""",Loretta_Lynn,""",","""Loretta_Lynn"","
49,1715746,Emma D'Arcy,Emma_D'Arcy,"""",Emma_D'Arcy,""",","""Emma_D'Arcy"","
50,1650173,Andor (TV series),Andor_(TV_series),"""",Andor_(TV_series),""",","""Andor_(TV_series)"","
51,1615663,Ansel Adams,Ansel_Adams,"""",Ansel_Adams,""",","""Ansel_Adams"","
52,1597529,Facebook,Facebook,"""",Facebook,""",","""Facebook"","
53,1560889,Michael J. Fox,Michael_J._Fox,"""",Michael_J._Fox,""",","""Michael_J._Fox"","
54,1512489,Dahmer – Monster: The Jeffrey Dahmer Story,Dahmer_–_Monster:_The_Jeffrey_Dahmer_Story,"""",Dahmer_–_Monster:_The_Jeffrey_Dahmer_Story,""",","""Dahmer_–_Monster:_The_Jeffrey_Dahmer_Story"","
55,1489804,Google,Google,"""",Google,""",","""Google"","
56,1481896,Prime Minister of the United Kingdom,Prime_Minister_of_the_United_Kingdom,"""",Prime_Minister_of_the_United_Kingdom,""",","""Prime_Minister_of_the_United_Kingdom"","
57,1480206,Franz Joseph I of Austria,Franz_Joseph_I_of_Austria,"""",Franz_Joseph_I_of_Austria,""",","""Franz_Joseph_I_of_Austria"","
58,1476317,Cristiano Ronaldo,Cristiano_Ronaldo,"""",Cristiano_Ronaldo,""",","""Cristiano_Ronaldo"","
59,1466201,Vikram Vedha (2022 film),Vikram_Vedha_(2022_film),"""",Vikram_Vedha_(2022_film),""",","""Vikram_Vedha_(2022_film)"","
60,1429772,United States,United_States,"""",United_States,""",","""United_States"","
61,1388278,Rishab Shetty,Rishab_Shetty,"""",Rishab_Shetty,""",","""Rishab_Shetty"","
62,1376344,Luckiest Girl Alive (film),Luckiest_Girl_Alive_(film),"""",Luckiest_Girl_Alive_(film),""",","""Luckiest_Girl_Alive_(film)"","
63,1364741,Jesse Anderson,Jesse_Anderson,"""",Jesse_Anderson,""",","""Jesse_Anderson"","
65,1361588,Charles III,Charles_III,"""",Charles_III,""",","""Charles_III"","
66,1358938,Andrew Tate,Andrew_Tate,"""",Andrew_Tate,""",","""Andrew_Tate"","
67,1358865,Ted Bundy,Ted_Bundy,"""",Ted_Bundy,""",","""Ted_Bundy"","
68,1349023,She-Hulk: Attorney at Law,She-Hulk:_Attorney_at_Law,"""",She-Hulk:_Attorney_at_Law,""",","""She-Hulk:_Attorney_at_Law"","
69,1345976,N. R. Narayana Murthy,N._R._Narayana_Murthy,"""",N._R._Narayana_Murthy,""",","""N._R._Narayana_Murthy"","
70,1344314,Suella Braverman,Suella_Braverman,"""",Suella_Braverman,""",","""Suella_Braverman"","
71,1340764,Midnights,Midnights,"""",Midnights,""",","""Midnights"","
72,1335496,Don't Worry Darling,Don't_Worry_Darling,"""",Don't_Worry_Darling,""",","""Don't_Worry_Darling"","
74,1321352,XXX (2002 film),XXX_(2002_film),"""",XXX_(2002_film),""",","""XXX_(2002_film)"","
75,1319670,Terrifier 2,Terrifier_2,"""",Terrifier_2,""",","""Terrifier_2"","
76,1288489,Taylor Swift,Taylor_Swift,"""",Taylor_Swift,""",","""Taylor_Swift"","
77,1286456,Lionel Messi,Lionel_Messi,"""",Lionel_Messi,""",","""Lionel_Messi"","
78,1285104,Godfather (2022 film),Godfather_(2022_film),"""",Godfather_(2022_film),""",","""Godfather_(2022_film)"","
79,1274121,India,India,"""",India,""",","""India"","
80,1272428,Werewolf by Night (TV special),Werewolf_by_Night_(TV_special),"""",Werewolf_by_Night_(TV_special),""",","""Werewolf_by_Night_(TV_special)"","
81,1257976,XXXX (beer),XXXX_(beer),"""",XXXX_(beer),""",","""XXXX_(beer)"","
82,1245359,Jamie Lee Curtis,Jamie_Lee_Curtis,"""",Jamie_Lee_Curtis,""",","""Jamie_Lee_Curtis"","
83,1226151,Web server directory index,Web_server_directory_index,"""",Web_server_directory_index,""",","""Web_server_directory_index"","
84,1219227,Barbarian (2022 film),Barbarian_(2022_film),"""",Barbarian_(2022_film),""",","""Barbarian_(2022_film)"","
85,1211791,Elvis Presley,Elvis_Presley,"""",Elvis_Presley,""",","""Elvis_Presley"","
86,1208404,Internet,Internet,"""",Internet,""",","""Internet"","
87,1207440,Ponniyin Selvan,Ponniyin_Selvan,"""",Ponniyin_Selvan,""",","""Ponniyin_Selvan"","
88,1195838,Herschel Walker,Herschel_Walker,"""",Herschel_Walker,""",","""Herschel_Walker"","
89,1181593,United Kingdom,United_Kingdom,"""",United_Kingdom,""",","""United_Kingdom"","
90,1172571,Hocus Pocus (1993 film),Hocus_Pocus_(1993_film),"""",Hocus_Pocus_(1993_film),""",","""Hocus_Pocus_(1993_film)"","
91,1158023,Hocus Pocus 2,Hocus_Pocus_2,"""",Hocus_Pocus_2,""",","""Hocus_Pocus_2"","
92,1148707,Tom Brady,Tom_Brady,"""",Tom_Brady,""",","""Tom_Brady"","
93,1143431,Google Translate,Google_Translate,"""",Google_Translate,""",","""Google_Translate"","
94,1124278,Brahmāstra: Part One – Shiva,Brahmāstra:_Part_One_–_Shiva,"""",Brahmāstra:_Part_One_–_Shiva,""",","""Brahmāstra:_Part_One_–_Shiva"","
95,1116472,UFC 280,UFC_280,"""",UFC_280,""",","""UFC_280"","
96,1113935,Skathi (moon),Skathi_(moon),"""",Skathi_(moon),""",","""Skathi_(moon)"","
97,1102546,The Midnight Club,The_Midnight_Club,"""",The_Midnight_Club,""",","""The_Midnight_Club"","
98,1092919,Luckiest Girl Alive,Luckiest_Girl_Alive,"""",Luckiest_Girl_Alive,""",","""Luckiest_Girl_Alive"","
99,1091568,Ed Gein,Ed_Gein,"""",Ed_Gein,""",","""Ed_Gein"","
100,1079970,Penny Mordaunt,Penny_Mordaunt,"""",Penny_Mordaunt,""",","""Penny_Mordaunt"","
101,1079585,Instagram,Instagram,"""",Instagram,""",","""Instagram"","
102,1073866,Dwayne Johnson,Dwayne_Johnson,"""",Dwayne_Johnson,""",","""Dwayne_Johnson"","
103,1070115,John Fetterman,John_Fetterman,"""",John_Fetterman,""",","""John_Fetterman"","
104,1069322,Hellraiser (2022 film),Hellraiser_(2022_film),"""",Hellraiser_(2022_film),""",","""Hellraiser_(2022_film)"","
105,1067341,Aaron Judge,Aaron_Judge,"""",Aaron_Judge,""",","""Aaron_Judge"","
106,1059877,List of A Certain Magical Index characters,List_of_A_Certain_Magical_Index_characters,"""",List_of_A_Certain_Magical_Index_characters,""",","""List_of_A_Certain_Magical_Index_characters"","
107,1051619,Black Panther: Wakanda Forever,Black_Panther:_Wakanda_Forever,"""",Black_Panther:_Wakanda_Forever,""",","""Black_Panther:_Wakanda_Forever"","
108,1049092,Ram Setu (film),Ram_Setu_(film),"""",Ram_Setu_(film),""",","""Ram_Setu_(film)"","
109,1045981,List of serial killers by number of victims,List_of_serial_killers_by_number_of_victims,"""",List_of_serial_killers_by_number_of_victims,""",","""List_of_serial_killers_by_number_of_victims"","
110,1043140,Halloween (franchise),Halloween_(franchise),"""",Halloween_(franchise),""",","""Halloween_(franchise)"","
111,1039688,Kwasi Kwarteng,Kwasi_Kwarteng,"""",Kwasi_Kwarteng,""",","""Kwasi_Kwarteng"","
112,1037889,Gmail,Gmail,"""",Gmail,""",","""Gmail"","
113,1028919,Bigg Boss (Hindi season 16),Bigg_Boss_(Hindi_season_16),"""",Bigg_Boss_(Hindi_season_16),""",","""Bigg_Boss_(Hindi_season_16)"","
114,1021306,Russia,Russia,"""",Russia,""",","""Russia"","
115,1011792,XXXTentacion,XXXTentacion,"""",XXXTentacion,""",","""XXXTentacion"","
116,1010099,Terrifier,Terrifier,"""",Terrifier,""",","""Terrifier"","
117,1002804,CEO,CEO,"""",CEO,""",","""CEO"","
118,997838,Boris Johnson,Boris_Johnson,"""",Boris_Johnson,""",","""Boris_Johnson"","
119,994420,Extreme Rules (2022),Extreme_Rules_(2022),"""",Extreme_Rules_(2022),""",","""Extreme_Rules_(2022)"","
120,989200,Blonde (2022 film),Blonde_(2022_film),"""",Blonde_(2022_film),""",","""Blonde_(2022_film)"","
121,972154,Tulsi Gabbard,Tulsi_Gabbard,"""",Tulsi_Gabbard,""",","""Tulsi_Gabbard"","
122,963696,Guillermo del Toro's Cabinet of Curiosities,Guillermo_del_Toro's_Cabinet_of_Curiosities,"""",Guillermo_del_Toro's_Cabinet_of_Curiosities,""",","""Guillermo_del_Toro's_Cabinet_of_Curiosities"","
123,960831,Islam Makhachev,Islam_Makhachev,"""",Islam_Makhachev,""",","""Islam_Makhachev"","
124,946090,Russo-Ukrainian War,Russo-Ukrainian_War,"""",Russo-Ukrainian_War,""",","""Russo-Ukrainian_War"","
125,944349,Mila Kunis,Mila_Kunis,"""",Mila_Kunis,""",","""Mila_Kunis"","
126,937662,YouTube Music,YouTube_Music,"""",YouTube_Music,""",","""YouTube_Music"","
127,934385,Susan Wojcicki,Susan_Wojcicki,"""",Susan_Wojcicki,""",","""Susan_Wojcicki"","
129,928357,Bobby Cannavale,Bobby_Cannavale,"""",Bobby_Cannavale,""",","""Bobby_Cannavale"","
130,927367,Necrophilia,Necrophilia,"""",Necrophilia,""",","""Necrophilia"","
132,914230,Xi Jinping,Xi_Jinping,"""",Xi_Jinping,""",","""Xi_Jinping"","
133,911514,American Horror Story,American_Horror_Story,"""",American_Horror_Story,""",","""American_Horror_Story"","
134,906554,YouTube Premium,YouTube_Premium,"""",YouTube_Premium,""",","""YouTube_Premium"","
135,904954,Chainsaw Man,Chainsaw_Man,"""",Chainsaw_Man,""",","""Chainsaw_Man"","
136,897739,Jeremy Hunt,Jeremy_Hunt,"""",Jeremy_Hunt,""",","""Jeremy_Hunt"","
137,891703,Gisele Bündchen,Gisele_Bündchen,"""",Gisele_Bündchen,""",","""Gisele_Bündchen"","
138,885171,Adipurush,Adipurush,"""",Adipurush,""",","""Adipurush"","
139,879296,Olivia Cooke,Olivia_Cooke,"""",Olivia_Cooke,""",","""Olivia_Cooke"","
140,873698,The School for Good and Evil (film),The_School_for_Good_and_Evil_(film),"""",The_School_for_Good_and_Evil_(film),""",","""The_School_for_Good_and_Evil_(film)"","
141,873027,World War II,World_War_II,"""",World_War_II,""",","""World_War_II"","
142,870355,Ukraine,Ukraine,"""",Ukraine,""",","""Ukraine"","
143,869521,Video hosting service,Video_hosting_service,"""",Video_hosting_service,""",","""Video_hosting_service"","
144,862681,XXXX,XXXX,"""",XXXX,""",","""XXXX"","
145,862627,Luiz Inácio Lula da Silva,Luiz_Inácio_Lula_da_Silva,"""",Luiz_Inácio_Lula_da_Silva,""",","""Luiz_Inácio_Lula_da_Silva"","
146,861953,Coolio,Coolio,"""",Coolio,""",","""Coolio"","
147,858431,The Good Nurse,The_Good_Nurse,"""",The_Good_Nurse,""",","""The_Good_Nurse"","
148,857627,Laal Singh Chaddha,Laal_Singh_Chaddha,"""",Laal_Singh_Chaddha,""",","""Laal_Singh_Chaddha"","
149,850258,UEFA Champions League,UEFA_Champions_League,"""",UEFA_Champions_League,""",","""UEFA_Champions_League"","
150,847598,Game of Thrones,Game_of_Thrones,"""",Game_of_Thrones,""",","""Game_of_Thrones"","
151,845830,Vladimir Putin,Vladimir_Putin,"""",Vladimir_Putin,""",","""Vladimir_Putin"","
152,843751,Matt Smith,Matt_Smith,"""",Matt_Smith,""",","""Matt_Smith"","
153,842081,2022 Formula One World Championship,2022_Formula_One_World_Championship,"""",2022_Formula_One_World_Championship,""",","""2022_Formula_One_World_Championship"","
154,841288,Amsterdam (2022 film),Amsterdam_(2022_film),"""",Amsterdam_(2022_film),""",","""Amsterdam_(2022_film)"","
155,825807,World War I,World_War_I,"""",World_War_I,""",","""World_War_I"","
156,824301,Olivia Wilde,Olivia_Wilde,"""",Olivia_Wilde,""",","""Olivia_Wilde"","
157,822841,Blink-182,Blink-182,"""",Blink-182,""",","""Blink-182"","
158,814088,Cat,Cat,"""",Cat,""",","""Cat"","
159,813190,Top Gun: Maverick,Top_Gun:_Maverick,"""",Top_Gun:_Maverick,""",","""Top_Gun:_Maverick"","
160,804787,Ballon d'Or,Ballon_d'Or,"""",Ballon_d'Or,""",","""Ballon_d'Or"","
161,802411,The Empress (TV series),The_Empress_(TV_series),"""",The_Empress_(TV_series),""",","""The_Empress_(TV_series)"","
162,793834,Call of Duty: Modern Warfare II (2022 video game),Call_of_Duty:_Modern_Warfare_II_(2022_video_game),"""",Call_of_Duty:_Modern_Warfare_II_(2022_video_game),""",","""Call_of_Duty:_Modern_Warfare_II_(2022_video_game)"","
163,793594,Stoneman Douglas High School shooting,Stoneman_Douglas_High_School_shooting,"""",Stoneman_Douglas_High_School_shooting,""",","""Stoneman_Douglas_High_School_shooting"","
164,790408,Hu Jintao,Hu_Jintao,"""",Hu_Jintao,""",","""Hu_Jintao"","
165,789597,List of prime ministers of the United Kingdom,List_of_prime_ministers_of_the_United_Kingdom,"""",List_of_prime_ministers_of_the_United_Kingdom,""",","""List_of_prime_ministers_of_the_United_Kingdom"","
166,787868,Dancing with the Stars (American season 31),Dancing_with_the_Stars_(American_season_31),"""",Dancing_with_the_Stars_(American_season_31),""",","""Dancing_with_the_Stars_(American_season_31)"","
167,787176,"Princess Margaret, Countess of Snowdon","Princess_Margaret,_Countess_of_Snowdon","""","Princess_Margaret,_Countess_of_Snowdon",""",","""Princess_Margaret,_Countess_of_Snowdon"","
168,787155,Naomi Watts,Naomi_Watts,"""",Naomi_Watts,""",","""Naomi_Watts"","
169,780481,Julia Roberts,Julia_Roberts,"""",Julia_Roberts,""",","""Julia_Roberts"","
170,778285,Emmett Till,Emmett_Till,"""",Emmett_Till,""",","""Emmett_Till"","
171,775639,John Balcerzak,John_Balcerzak,"""",John_Balcerzak,""",","""John_Balcerzak"","
172,772010,Raindrop cake,Raindrop_cake,"""",Raindrop_cake,""",","""Raindrop_cake"","
173,768120,Google Classroom,Google_Classroom,"""",Google_Classroom,""",","""Google_Classroom"","
174,767633,Twitter,Twitter,"""",Twitter,""",","""Twitter"","
175,767542,Joe Biden,Joe_Biden,"""",Joe_Biden,""",","""Joe_Biden"","
176,766400,WhatsApp,WhatsApp,"""",WhatsApp,""",","""WhatsApp"","
177,754322,Opinion polling for the next United Kingdom general election,Opinion_polling_for_the_next_United_Kingdom_general_election,"""",Opinion_polling_for_the_next_United_Kingdom_general_election,""",","""Opinion_polling_for_the_next_United_Kingdom_general_election"","
178,744873,The Walking Dead (season 11),The_Walking_Dead_(season_11),"""",The_Walking_Dead_(season_11),""",","""The_Walking_Dead_(season_11)"","
179,741665,Microsoft Office,Microsoft_Office,"""",Microsoft_Office,""",","""Microsoft_Office"","
180,738793,List of highest-grossing Indian films,List_of_highest-grossing_Indian_films,"""",List_of_highest-grossing_Indian_films,""",","""List_of_highest-grossing_Indian_films"","
181,738751,The Pirate Bay,The_Pirate_Bay,"""",The_Pirate_Bay,""",","""The_Pirate_Bay"","
182,736059,Netflix,Netflix,"""",Netflix,""",","""Netflix"","
183,734679,Maryland,Maryland,"""",Maryland,""",","""Maryland"","
184,733370,George VI,George_VI,"""",George_VI,""",","""George_VI"","
185,733163,X (2022 film),X_(2022_film),"""",X_(2022_film),""",","""X_(2022_film)"","
186,731642,Sex,Sex,"""",Sex,""",","""Sex"","
187,728254,The Peripheral (TV series),The_Peripheral_(TV_series),"""",The_Peripheral_(TV_series),""",","""The_Peripheral_(TV_series)"","
188,727293,Australia,Australia,"""",Australia,""",","""Australia"","
189,726374,Harry Styles,Harry_Styles,"""",Harry_Styles,""",","""Harry_Styles"","
190,725864,Karim Benzema,Karim_Benzema,"""",Karim_Benzema,""",","""Karim_Benzema"","
191,725419,Bigg Boss (Tamil season 6),Bigg_Boss_(Tamil_season_6),"""",Bigg_Boss_(Tamil_season_6),""",","""Bigg_Boss_(Tamil_season_6)"","
192,723303,List of Marvel Cinematic Universe films,List_of_Marvel_Cinematic_Universe_films,"""",List_of_Marvel_Cinematic_Universe_films,""",","""List_of_Marvel_Cinematic_Universe_films"","
193,716032,Matthew Perry,Matthew_Perry,"""",Matthew_Perry,""",","""Matthew_Perry"","
194,712428,Michael Myers (Halloween),Michael_Myers_(Halloween),"""",Michael_Myers_(Halloween),""",","""Michael_Myers_(Halloween)"","
195,710675,JSON-LD,JSON-LD,"""",JSON-LD,""",","""JSON-LD"","
196,709885,Microdata (HTML),Microdata_(HTML),"""",Microdata_(HTML),""",","""Microdata_(HTML)"","
197,709174,Canadian Premier League,Canadian_Premier_League,"""",Canadian_Premier_League,""",","""Canadian_Premier_League"","
198,708033,RDFa,RDFa,"""",RDFa,""",","""RDFa"","
199,700116,Sarah Jessica Parker,Sarah_Jessica_Parker,"""",Sarah_Jessica_Parker,""",","""Sarah_Jessica_Parker"","
200,696873,Null,Null,"""",Null,""",","""Null"","
201,695535,Autofellatio,Autofellatio,"""",Autofellatio,""",","""Autofellatio"","
202,692226,All Quiet on the Western Front,All_Quiet_on_the_Western_Front,"""",All_Quiet_on_the_Western_Front,""",","""All_Quiet_on_the_Western_Front"","
203,692057,The Blair Witch Project,The_Blair_Witch_Project,"""",The_Blair_Witch_Project,""",","""The_Blair_Witch_Project"","
204,691690,Queen Victoria,Queen_Victoria,"""",Queen_Victoria,""",","""Queen_Victoria"","
205,690808,Ana de Armas,Ana_de_Armas,"""",Ana_de_Armas,""",","""Ana_de_Armas"","
206,690718,List of World Series champions,List_of_World_Series_champions,"""",List_of_World_Series_champions,""",","""List_of_World_Series_champions"","
207,688930,Microsoft Windows,Microsoft_Windows,"""",Microsoft_Windows,""",","""Microsoft_Windows"","
208,688735,Victor Wembanyama,Victor_Wembanyama,"""",Victor_Wembanyama,""",","""Victor_Wembanyama"","
209,688557,Parag Agrawal,Parag_Agrawal,"""",Parag_Agrawal,""",","""Parag_Agrawal"","
210,688185,Tom Cruise,Tom_Cruise,"""",Tom_Cruise,""",","""Tom_Cruise"","
211,686151,Brownie (folklore),Brownie_(folklore),"""",Brownie_(folklore),""",","""Brownie_(folklore)"","
212,682701,Adolf Hitler,Adolf_Hitler,"""",Adolf_Hitler,""",","""Adolf_Hitler"","
213,682341,Jennifer Coolidge,Jennifer_Coolidge,"""",Jennifer_Coolidge,""",","""Jennifer_Coolidge"","
214,681252,Michael Jackson,Michael_Jackson,"""",Michael_Jackson,""",","""Michael_Jackson"","
215,677915,Donald Trump,Donald_Trump,"""",Donald_Trump,""",","""Donald_Trump"","
216,673985,Manchester United F.C.,Manchester_United_F.C.,"""",Manchester_United_F.C.,""",","""Manchester_United_F.C."","
217,672458,Kari Lake,Kari_Lake,"""",Kari_Lake,""",","""Kari_Lake"","
218,672296,Kim Kardashian,Kim_Kardashian,"""",Kim_Kardashian,""",","""Kim_Kardashian"","
219,671687,Crimean Bridge,Crimean_Bridge,"""",Crimean_Bridge,""",","""Crimean_Bridge"","
220,670071,Kathy Najimy,Kathy_Najimy,"""",Kathy_Najimy,""",","""Kathy_Najimy"","
221,669794,Wrexham A.F.C.,Wrexham_A.F.C.,"""",Wrexham_A.F.C.,""",","""Wrexham_A.F.C."","
222,667834,Bros (film),Bros_(film),"""",Bros_(film),""",","""Bros_(film)"","
223,667325,China,China,"""",China,""",","""China"","
224,665670,Alex Jones,Alex_Jones,"""",Alex_Jones,""",","""Alex_Jones"","
225,664161,A Song of Ice and Fire,A_Song_of_Ice_and_Fire,"""",A_Song_of_Ice_and_Fire,""",","""A_Song_of_Ice_and_Fire"","
226,663071,Bullet Train (film),Bullet_Train_(film),"""",Bullet_Train_(film),""",","""Bullet_Train_(film)"","
227,662862,Edward VIII,Edward_VIII,"""",Edward_VIII,""",","""Edward_VIII"","
228,659950,Hurricane Ian,Hurricane_Ian,"""",Hurricane_Ian,""",","""Hurricane_Ian"","
229,659858,Japan,Japan,"""",Japan,""",","""Japan"","
230,657384,2022 FIVB Volleyball Women's World Championship,2022_FIVB_Volleyball_Women's_World_Championship,"""",2022_FIVB_Volleyball_Women's_World_Championship,""",","""2022_FIVB_Volleyball_Women's_World_Championship"","
231,653432,Mahatma Gandhi,Mahatma_Gandhi,"""",Mahatma_Gandhi,""",","""Mahatma_Gandhi"","
232,653257,Keanu Reeves,Keanu_Reeves,"""",Keanu_Reeves,""",","""Keanu_Reeves"","
233,652936,The Legend of Maula Jatt,The_Legend_of_Maula_Jatt,"""",The_Legend_of_Maula_Jatt,""",","""The_Legend_of_Maula_Jatt"","
234,651039,New York City,New_York_City,"""",New_York_City,""",","""New_York_City"","
235,650118,Blunt trauma,Blunt_trauma,"""",Blunt_trauma,""",","""Blunt_trauma"","
236,644081,Winston Churchill,Winston_Churchill,"""",Winston_Churchill,""",","""Winston_Churchill"","
237,643446,Bette Midler,Bette_Midler,"""",Bette_Midler,""",","""Bette_Midler"","
238,643416,"Diana, Princess of Wales","Diana,_Princess_of_Wales","""","Diana,_Princess_of_Wales",""",","""Diana,_Princess_of_Wales"","
239,642406,Hilary Swank,Hilary_Swank,"""",Hilary_Swank,""",","""Hilary_Swank"","
240,636377,Ryan Reynolds,Ryan_Reynolds,"""",Ryan_Reynolds,""",","""Ryan_Reynolds"","
241,631667,Halloween Kills,Halloween_Kills,"""",Halloween_Kills,""",","""Halloween_Kills"","
242,630905,List of Hindi films of 2022,List_of_Hindi_films_of_2022,"""",List_of_Hindi_films_of_2022,""",","""List_of_Hindi_films_of_2022"","
243,629993,Charles Oliveira,Charles_Oliveira,"""",Charles_Oliveira,""",","""Charles_Oliveira"","
244,628643,Periodic table,Periodic_table,"""",Periodic_table,""",","""Periodic_table"","
245,626924,Real Madrid CF,Real_Madrid_CF,"""",Real_Madrid_CF,""",","""Real_Madrid_CF"","
246,626561,Sita Ramam,Sita_Ramam,"""",Sita_Ramam,""",","""Sita_Ramam"","
247,626423,Singapore,Singapore,"""",Singapore,""",","""Singapore"","
248,620836,Canada,Canada,"""",Canada,""",","""Canada"","
249,616742,Chloë Grace Moretz,Chloë_Grace_Moretz,"""",Chloë_Grace_Moretz,""",","""Chloë_Grace_Moretz"","
250,616630,LeBron James,LeBron_James,"""",LeBron_James,""",","""LeBron_James"","
251,615767,Jake Paul vs. Anderson Silva,Jake_Paul_vs._Anderson_Silva,"""",Jake_Paul_vs._Anderson_Silva,""",","""Jake_Paul_vs._Anderson_Silva"","
252,614507,Halloween (1978 film),Halloween_(1978_film),"""",Halloween_(1978_film),""",","""Halloween_(1978_film)"","
253,614481,Margaret Thatcher,Margaret_Thatcher,"""",Margaret_Thatcher,""",","""Margaret_Thatcher"","
254,614257,Mr. Harrigan's Phone (film),Mr._Harrigan's_Phone_(film),"""",Mr._Harrigan's_Phone_(film),""",","""Mr._Harrigan's_Phone_(film)"","
255,612483,Bailey Zappe,Bailey_Zappe,"""",Bailey_Zappe,""",","""Bailey_Zappe"","
256,610422,Thank God (film),Thank_God_(film),"""",Thank_God_(film),""",","""Thank_God_(film)"","
257,609261,Pearl (2022 film),Pearl_(2022_film),"""",Pearl_(2022_film),""",","""Pearl_(2022_film)"","
258,608754,Richard Ramirez,Richard_Ramirez,"""",Richard_Ramirez,""",","""Richard_Ramirez"","
259,607477,Candace Owens,Candace_Owens,"""",Candace_Owens,""",","""Candace_Owens"","
260,605372,Sauron,Sauron,"""",Sauron,""",","""Sauron"","
261,604195,Sardar (2022 film),Sardar_(2022_film),"""",Sardar_(2022_film),""",","""Sardar_(2022_film)"","
262,602339,All Quiet on the Western Front (2022 film),All_Quiet_on_the_Western_Front_(2022_film),"""",All_Quiet_on_the_Western_Front_(2022_film),""",","""All_Quiet_on_the_Western_Front_(2022_film)"","
263,601753,Miles Teller,Miles_Teller,"""",Miles_Teller,""",","""Miles_Teller"","
264,600997,Android (operating system),Android_(operating_system),"""",Android_(operating_system),""",","""Android_(operating_system)"","
265,600459,The Handmaid's Tale (TV series),The_Handmaid's_Tale_(TV_series),"""",The_Handmaid's_Tale_(TV_series),""",","""The_Handmaid's_Tale_(TV_series)"","
266,597778,Gotham Knights (video game),Gotham_Knights_(video_game),"""",Gotham_Knights_(video_game),""",","""Gotham_Knights_(video_game)"","
267,594576,Doctor Who,Doctor_Who,"""",Doctor_Who,""",","""Doctor_Who"","
268,594336,MacOS,MacOS,"""",MacOS,""",","""MacOS"","
269,594308,Brad Pitt,Brad_Pitt,"""",Brad_Pitt,""",","""Brad_Pitt"","
270,594180,Death of Mahsa Amini,Death_of_Mahsa_Amini,"""",Death_of_Mahsa_Amini,""",","""Death_of_Mahsa_Amini"","
271,592484,Sara Lee (wrestler),Sara_Lee_(wrestler),"""",Sara_Lee_(wrestler),""",","""Sara_Lee_(wrestler)"","
272,592182,Henry Cavill,Henry_Cavill,"""",Henry_Cavill,""",","""Henry_Cavill"","
273,591309,Hellraiser,Hellraiser,"""",Hellraiser,""",","""Hellraiser"","
274,588636,Spotify,Spotify,"""",Spotify,""",","""Spotify"","
275,587620,2022–23 UEFA Champions League,2022–23_UEFA_Champions_League,"""",2022–23_UEFA_Champions_League,""",","""2022–23_UEFA_Champions_League"","
276,587403,Kobe Bryant,Kobe_Bryant,"""",Kobe_Bryant,""",","""Kobe_Bryant"","
277,587156,Day of the Dead,Day_of_the_Dead,"""",Day_of_the_Dead,""",","""Day_of_the_Dead"","
278,586915,"Prince Philip, Duke of Edinburgh","Prince_Philip,_Duke_of_Edinburgh","""","Prince_Philip,_Duke_of_Edinburgh",""",","""Prince_Philip,_Duke_of_Edinburgh"","
279,586704,Crown Jewel (2022),Crown_Jewel_(2022),"""",Crown_Jewel_(2022),""",","""Crown_Jewel_(2022)"","
280,586111,Kaley Cuoco,Kaley_Cuoco,"""",Kaley_Cuoco,""",","""Kaley_Cuoco"","
281,583030,Iran,Iran,"""",Iran,""",","""Iran"","
282,582888,Amazon (company),Amazon_(company),"""",Amazon_(company),""",","""Amazon_(company)"","
283,581789,BBC World Service,BBC_World_Service,"""",BBC_World_Service,""",","""BBC_World_Service"","
284,581267,RRR (film),RRR_(film),"""",RRR_(film),""",","""RRR_(film)"","
285,580690,Nancy Pelosi,Nancy_Pelosi,"""",Nancy_Pelosi,""",","""Nancy_Pelosi"","
286,580373,Fire & Blood (novel),Fire_&_Blood_(novel),"""",Fire_&_Blood_(novel),""",","""Fire_&_Blood_(novel)"","
288,577543,Milly Alcock,Milly_Alcock,"""",Milly_Alcock,""",","""Milly_Alcock"","
289,576505,Muhammad Ali,Muhammad_Ali,"""",Muhammad_Ali,""",","""Muhammad_Ali"","
290,576351,List of James Bond films,List_of_James_Bond_films,"""",List_of_James_Bond_films,""",","""List_of_James_Bond_films"","
291,575922,Scorn (video game),Scorn_(video_game),"""",Scorn_(video_game),""",","""Scorn_(video_game)"","
292,575379,List of prime ministers of the United Kingdom by length of tenure,List_of_prime_ministers_of_the_United_Kingdom_by_length_of_tenure,"""",List_of_prime_ministers_of_the_United_Kingdom_by_length_of_tenure,""",","""List_of_prime_ministers_of_the_United_Kingdom_by_length_of_tenure"","
293,575011,Arthur Miller,Arthur_Miller,"""",Arthur_Miller,""",","""Arthur_Miller"","
294,568352,Infosys,Infosys,"""",Infosys,""",","""Infosys"","
295,563101,Eminem,Eminem,"""",Eminem,""",","""Eminem"","
296,563026,JavaScript,JavaScript,"""",JavaScript,""",","""JavaScript"","
298,560972,George V,George_V,"""",George_V,""",","""George_V"","
299,560523,Mike Tyson,Mike_Tyson,"""",Mike_Tyson,""",","""Mike_Tyson"","
300,560366,George Clooney,George_Clooney,"""",George_Clooney,""",","""George_Clooney"","
301,558568,List of states and territories of the United States,List_of_states_and_territories_of_the_United_States,"""",List_of_states_and_territories_of_the_United_States,""",","""List_of_states_and_territories_of_the_United_States"","
302,554167,The Walking Dead (TV series),The_Walking_Dead_(TV_series),"""",The_Walking_Dead_(TV_series),""",","""The_Walking_Dead_(TV_series)"","
303,553403,Naane Varuvean,Naane_Varuvean,"""",Naane_Varuvean,""",","""Naane_Varuvean"","
304,551774,Khabib Nurmagomedov,Khabib_Nurmagomedov,"""",Khabib_Nurmagomedov,""",","""Khabib_Nurmagomedov"","
305,550964,George R. R. Martin,George_R._R._Martin,"""",George_R._R._Martin,""",","""George_R._R._Martin"","
306,549641,"Twitter, Inc.","Twitter,_Inc.","""","Twitter,_Inc.",""",","""Twitter,_Inc."","
307,549407,Paddy Considine,Paddy_Considine,"""",Paddy_Considine,""",","""Paddy_Considine"","
308,549072,Germany,Germany,"""",Germany,""",","""Germany"","
309,548745,Halloween (2018 film),Halloween_(2018_film),"""",Halloween_(2018_film),""",","""Halloween_(2018_film)"","
310,548665,English language,English_language,"""",English_language,""",","""English_language"","
311,547519,Christian Bale,Christian_Bale,"""",Christian_Bale,""",","""Christian_Bale"","
312,545068,Thor: Love and Thunder,Thor:_Love_and_Thunder,"""",Thor:_Love_and_Thunder,""",","""Thor:_Love_and_Thunder"","
313,542313,Chief executive officer,Chief_executive_officer,"""",Chief_executive_officer,""",","""Chief_executive_officer"","
314,541389,Mulayam Singh Yadav,Mulayam_Singh_Yadav,"""",Mulayam_Singh_Yadav,""",","""Mulayam_Singh_Yadav"","
315,541383,The Woman King,The_Woman_King,"""",The_Woman_King,""",","""The_Woman_King"","
316,541116,Bridget Moynahan,Bridget_Moynahan,"""",Bridget_Moynahan,""",","""Bridget_Moynahan"","
317,541080,2022 Ballon d'Or,2022_Ballon_d'Or,"""",2022_Ballon_d'Or,""",","""2022_Ballon_d'Or"","
318,540673,Derry Girls,Derry_Girls,"""",Derry_Girls,""",","""Derry_Girls"","
319,540451,Pete Davidson,Pete_Davidson,"""",Pete_Davidson,""",","""Pete_Davidson"","
320,540450,Mia Goth,Mia_Goth,"""",Mia_Goth,""",","""Mia_Goth"","
321,539023,Angelina Jolie,Angelina_Jolie,"""",Angelina_Jolie,""",","""Angelina_Jolie"","
322,537042,Dietrich Mateschitz,Dietrich_Mateschitz,"""",Dietrich_Mateschitz,""",","""Dietrich_Mateschitz"","
323,535712,Sudha Murty,Sudha_Murty,"""",Sudha_Murty,""",","""Sudha_Murty"","
325,535277,Turkey,Turkey,"""",Turkey,""",","""Turkey"","
326,534776,Jair Bolsonaro,Jair_Bolsonaro,"""",Jair_Bolsonaro,""",","""Jair_Bolsonaro"","
327,534434,Dusty Baker,Dusty_Baker,"""",Dusty_Baker,""",","""Dusty_Baker"","
328,534167,Christopher Columbus,Christopher_Columbus,"""",Christopher_Columbus,""",","""Christopher_Columbus"","
329,533811,Manchester City F.C.,Manchester_City_F.C.,"""",Manchester_City_F.C.,""",","""Manchester_City_F.C."","
330,533362,Waukesha Christmas parade attack,Waukesha_Christmas_parade_attack,"""",Waukesha_Christmas_parade_attack,""",","""Waukesha_Christmas_parade_attack"","
331,533351,A. P. J. Abdul Kalam,A._P._J._Abdul_Kalam,"""",A._P._J._Abdul_Kalam,""",","""A._P._J._Abdul_Kalam"","
332,532828,Joe DiMaggio,Joe_DiMaggio,"""",Joe_DiMaggio,""",","""Joe_DiMaggio"","
333,532776,The Banshees of Inisherin,The_Banshees_of_Inisherin,"""",The_Banshees_of_Inisherin,""",","""The_Banshees_of_Inisherin"","
334,531589,Camila Cabello,Camila_Cabello,"""",Camila_Cabello,""",","""Camila_Cabello"","
335,530000,Ron DeSantis,Ron_DeSantis,"""",Ron_DeSantis,""",","""Ron_DeSantis"","
336,528947,Barack Obama,Barack_Obama,"""",Barack_Obama,""",","""Barack_Obama"","
337,528375,John F. Kennedy,John_F._Kennedy,"""",John_F._Kennedy,""",","""John_F._Kennedy"","
338,528233,Tham Luang cave rescue,Tham_Luang_cave_rescue,"""",Tham_Luang_cave_rescue,""",","""Tham_Luang_cave_rescue"","
339,527405,Zoe Saldaña,Zoe_Saldaña,"""",Zoe_Saldaña,""",","""Zoe_Saldaña"","
340,525883,American Horror Story: NYC,American_Horror_Story:_NYC,"""",American_Horror_Story:_NYC,""",","""American_Horror_Story:_NYC"","
341,525850,Max Verstappen,Max_Verstappen,"""",Max_Verstappen,""",","""Max_Verstappen"","
342,525317,Emma Roberts,Emma_Roberts,"""",Emma_Roberts,""",","""Emma_Roberts"","
343,522248,Stanley Tucci,Stanley_Tucci,"""",Stanley_Tucci,""",","""Stanley_Tucci"","
344,522237,Dua Lipa,Dua_Lipa,"""",Dua_Lipa,""",","""Dua_Lipa"","
345,521541,Chola dynasty,Chola_dynasty,"""",Chola_dynasty,""",","""Chola_dynasty"","
346,521523,Jordan Peterson,Jordan_Peterson,"""",Jordan_Peterson,""",","""Jordan_Peterson"","
347,520588,Death of Marilyn Monroe,Death_of_Marilyn_Monroe,"""",Death_of_Marilyn_Monroe,""",","""Death_of_Marilyn_Monroe"","
348,518820,The Super Mario Bros. Movie,The_Super_Mario_Bros._Movie,"""",The_Super_Mario_Bros._Movie,""",","""The_Super_Mario_Bros._Movie"","
349,518493,Gladys Pearl Baker,Gladys_Pearl_Baker,"""",Gladys_Pearl_Baker,""",","""Gladys_Pearl_Baker"","
350,517658,Steve Jobs,Steve_Jobs,"""",Steve_Jobs,""",","""Steve_Jobs"","
351,517065,October 2022 Conservative Party leadership election,October_2022_Conservative_Party_leadership_election,"""",October_2022_Conservative_Party_leadership_election,""",","""October_2022_Conservative_Party_leadership_election"","
352,516534,The White Lotus,The_White_Lotus,"""",The_White_Lotus,""",","""The_White_Lotus"","
353,516348,Christian McCaffrey,Christian_McCaffrey,"""",Christian_McCaffrey,""",","""Christian_McCaffrey"","
354,515069,Charles Chaplin Jr.,Charles_Chaplin_Jr.,"""",Charles_Chaplin_Jr.,""",","""Charles_Chaplin_Jr."","
355,514317,Scarlett Johansson,Scarlett_Johansson,"""",Scarlett_Johansson,""",","""Scarlett_Johansson"","
356,512086,Bryce Harper,Bryce_Harper,"""",Bryce_Harper,""",","""Bryce_Harper"","
357,511869,Artificial intelligence,Artificial_intelligence,"""",Artificial_intelligence,""",","""Artificial_intelligence"","
358,511465,Madonna,Madonna,"""",Madonna,""",","""Madonna"","
359,510641,Arnold Schwarzenegger,Arnold_Schwarzenegger,"""",Arnold_Schwarzenegger,""",","""Arnold_Schwarzenegger"","
360,510094,Mehmet Oz,Mehmet_Oz,"""",Mehmet_Oz,""",","""Mehmet_Oz"","
361,508791,"Solar eclipse of October 25, 2022","Solar_eclipse_of_October_25,_2022","""","Solar_eclipse_of_October_25,_2022",""",","""Solar_eclipse_of_October_25,_2022"","
362,506432,Rohan Murty,Rohan_Murty,"""",Rohan_Murty,""",","""Rohan_Murty"","
363,506219,Rick and Morty (season 6),Rick_and_Morty_(season_6),"""",Rick_and_Morty_(season_6),""",","""Rick_and_Morty_(season_6)"","
364,505559,Pornhub,Pornhub,"""",Pornhub,""",","""Pornhub"","
365,505249,Florence Pugh,Florence_Pugh,"""",Florence_Pugh,""",","""Florence_Pugh"","
366,505140,Generation Z,Generation_Z,"""",Generation_Z,""",","""Generation_Z"","
367,501681,Matt Goss,Matt_Goss,"""",Matt_Goss,""",","""Matt_Goss"","
368,500863,Anya Taylor-Joy,Anya_Taylor-Joy,"""",Anya_Taylor-Joy,""",","""Anya_Taylor-Joy"","
369,500819,BTS,BTS,"""",BTS,""",","""BTS"","
370,500726,London,London,"""",London,""",","""London"","
371,499751,FC Barcelona,FC_Barcelona,"""",FC_Barcelona,""",","""FC_Barcelona"","
372,499740,Rajaraja I,Rajaraja_I,"""",Rajaraja_I,""",","""Rajaraja_I"","
373,499323,XXX,XXX,"""",XXX,""",","""XXX"","
374,499302,Pakistan,Pakistan,"""",Pakistan,""",","""Pakistan"","
375,498299,Freddie Mercury,Freddie_Mercury,"""",Freddie_Mercury,""",","""Freddie_Mercury"","
376,496303,FIFA World Cup,FIFA_World_Cup,"""",FIFA_World_Cup,""",","""FIFA_World_Cup"","
377,495949,Lisa Marie Presley,Lisa_Marie_Presley,"""",Lisa_Marie_Presley,""",","""Lisa_Marie_Presley"","
378,495460,Val Kilmer,Val_Kilmer,"""",Val_Kilmer,""",","""Val_Kilmer"","
379,495016,Brendan Gleeson,Brendan_Gleeson,"""",Brendan_Gleeson,""",","""Brendan_Gleeson"","
380,494055,Google Maps,Google_Maps,"""",Google_Maps,""",","""Google_Maps"","
381,493266,2022 United States elections,2022_United_States_elections,"""",2022_United_States_elections,""",","""2022_United_States_elections"","
382,493091,Albert Einstein,Albert_Einstein,"""",Albert_Einstein,""",","""Albert_Einstein"","
383,492917,Jan Broberg Felt,Jan_Broberg_Felt,"""",Jan_Broberg_Felt,""",","""Jan_Broberg_Felt"","
384,492193,A Friend of the Family (TV series),A_Friend_of_the_Family_(TV_series),"""",A_Friend_of_the_Family_(TV_series),""",","""A_Friend_of_the_Family_(TV_series)"","
385,492095,Leonardo DiCaprio,Leonardo_DiCaprio,"""",Leonardo_DiCaprio,""",","""Leonardo_DiCaprio"","
387,491315,Nayanthara,Nayanthara,"""",Nayanthara,""",","""Nayanthara"","
388,490968,Giorgia Meloni,Giorgia_Meloni,"""",Giorgia_Meloni,""",","""Giorgia_Meloni"","
389,489512,Ticket to Paradise (2022 film),Ticket_to_Paradise_(2022_film),"""",Ticket_to_Paradise_(2022_film),""",","""Ticket_to_Paradise_(2022_film)"","
390,488866,IOS,IOS,"""",IOS,""",","""IOS"","
391,488099,Justin Verlander,Justin_Verlander,"""",Justin_Verlander,""",","""Justin_Verlander"","
392,487921,Virat Kohli,Virat_Kohli,"""",Virat_Kohli,""",","""Virat_Kohli"","
393,487455,Amitabh Bachchan,Amitabh_Bachchan,"""",Amitabh_Bachchan,""",","""Amitabh_Bachchan"","
394,487330,Jake Paul,Jake_Paul,"""",Jake_Paul,""",","""Jake_Paul"","
395,486882,Avatar: The Way of Water,Avatar:_The_Way_of_Water,"""",Avatar:_The_Way_of_Water,""",","""Avatar:_The_Way_of_Water"","
396,486476,Soviet Union,Soviet_Union,"""",Soviet_Union,""",","""Soviet_Union"","
397,483824,Armie Hammer,Armie_Hammer,"""",Armie_Hammer,""",","""Armie_Hammer"","
398,483010,Michael Jordan,Michael_Jordan,"""",Michael_Jordan,""",","""Michael_Jordan"","
399,482399,Deion Sanders,Deion_Sanders,"""",Deion_Sanders,""",","""Deion_Sanders"","
400,481849,Little Women (2022 TV series),Little_Women_(2022_TV_series),"""",Little_Women_(2022_TV_series),""",","""Little_Women_(2022_TV_series)"","
401,481448,Charles Manson,Charles_Manson,"""",Charles_Manson,""",","""Charles_Manson"","
402,480883,Chelsea F.C.,Chelsea_F.C.,"""",Chelsea_F.C.,""",","""Chelsea_F.C."","
403,480852,Arsenal F.C.,Arsenal_F.C.,"""",Arsenal_F.C.,""",","""Arsenal_F.C."","
404,475916,List of countries by GDP (nominal),List_of_countries_by_GDP_(nominal),"""",List_of_countries_by_GDP_(nominal),""",","""List_of_countries_by_GDP_(nominal)"","
405,474660,Netherlands,Netherlands,"""",Netherlands,""",","""Netherlands"","
406,474444,California,California,"""",California,""",","""California"","
407,474255,Jeff Bezos,Jeff_Bezos,"""",Jeff_Bezos,""",","""Jeff_Bezos"","
408,473721,Clint Eastwood,Clint_Eastwood,"""",Clint_Eastwood,""",","""Clint_Eastwood"","
409,473452,La Liga,La_Liga,"""",La_Liga,""",","""La_Liga"","
410,473371,Daniel Ek,Daniel_Ek,"""",Daniel_Ek,""",","""Daniel_Ek"","
411,472529,Vikram (2022 film),Vikram_(2022_film),"""",Vikram_(2022_film),""",","""Vikram_(2022_film)"","
412,472057,Morfydd Clark,Morfydd_Clark,"""",Morfydd_Clark,""",","""Morfydd_Clark"","
413,471636,Vaishali Takkar,Vaishali_Takkar,"""",Vaishali_Takkar,""",","""Vaishali_Takkar"","
414,468564,Philippines,Philippines,"""",Philippines,""",","""Philippines"","
415,468524,Marvel Cinematic Universe,Marvel_Cinematic_Universe,"""",Marvel_Cinematic_Universe,""",","""Marvel_Cinematic_Universe"","
416,468023,Attack of the Dead Men,Attack_of_the_Dead_Men,"""",Attack_of_the_Dead_Men,""",","""Attack_of_the_Dead_Men"","
417,466650,Cyberpunk: Edgerunners,Cyberpunk:_Edgerunners,"""",Cyberpunk:_Edgerunners,""",","""Cyberpunk:_Edgerunners"","
418,465246,Call of Duty: Modern Warfare 2,Call_of_Duty:_Modern_Warfare_2,"""",Call_of_Duty:_Modern_Warfare_2,""",","""Call_of_Duty:_Modern_Warfare_2"","
419,465133,J. R. R. Tolkien,J._R._R._Tolkien,"""",J._R._R._Tolkien,""",","""J._R._R._Tolkien"","
420,463077,Shia LaBeouf,Shia_LaBeouf,"""",Shia_LaBeouf,""",","""Shia_LaBeouf"","
421,462784,Lewis Hamilton,Lewis_Hamilton,"""",Lewis_Hamilton,""",","""Lewis_Hamilton"","
422,462352,Priscilla Presley,Priscilla_Presley,"""",Priscilla_Presley,""",","""Priscilla_Presley"","
423,461883,Fall (2022 film),Fall_(2022_film),"""",Fall_(2022_film),""",","""Fall_(2022_film)"","
424,461610,DEFCON,DEFCON,"""",DEFCON,""",","""DEFCON"","
425,461449,2022 in film,2022_in_film,"""",2022_in_film,""",","""2022_in_film"","
426,460365,The Lord of the Rings,The_Lord_of_the_Rings,"""",The_Lord_of_the_Rings,""",","""The_Lord_of_the_Rings"","
427,460049,Rashmika Mandanna,Rashmika_Mandanna,"""",Rashmika_Mandanna,""",","""Rashmika_Mandanna"","
428,459746,Indonesia,Indonesia,"""",Indonesia,""",","""Indonesia"","
429,457978,The Stranger (2022 film),The_Stranger_(2022_film),"""",The_Stranger_(2022_film),""",","""The_Stranger_(2022_film)"","
430,457688,Conservative Party (UK),Conservative_Party_(UK),"""",Conservative_Party_(UK),""",","""Conservative_Party_(UK)"","
431,457340,OnlyFans,OnlyFans,"""",OnlyFans,""",","""OnlyFans"","
432,457264,Disappearance of Emanuela Orlandi,Disappearance_of_Emanuela_Orlandi,"""",Disappearance_of_Emanuela_Orlandi,""",","""Disappearance_of_Emanuela_Orlandi"","
433,456410,"William, Prince of Wales","William,_Prince_of_Wales","""","William,_Prince_of_Wales",""",","""William,_Prince_of_Wales"","
434,456267,Alia Bhatt,Alia_Bhatt,"""",Alia_Bhatt,""",","""Alia_Bhatt"","
435,455917,Wiki,Wiki,"""",Wiki,""",","""Wiki"","
436,455805,List of countries by Human Development Index,List_of_countries_by_Human_Development_Index,"""",List_of_countries_by_Human_Development_Index,""",","""List_of_countries_by_Human_Development_Index"","
437,455552,Brendan Fraser,Brendan_Fraser,"""",Brendan_Fraser,""",","""Brendan_Fraser"","
438,454678,Johnny Depp,Johnny_Depp,"""",Johnny_Depp,""",","""Johnny_Depp"","
439,454511,List of American films of 2022,List_of_American_films_of_2022,"""",List_of_American_films_of_2022,""",","""List_of_American_films_of_2022"","
440,454318,Beetlejuice,Beetlejuice,"""",Beetlejuice,""",","""Beetlejuice"","
441,454023,LGBT,LGBT,"""",LGBT,""",","""LGBT"","
442,453430,NXT Halloween Havoc (2022),NXT_Halloween_Havoc_(2022),"""",NXT_Halloween_Havoc_(2022),""",","""NXT_Halloween_Havoc_(2022)"","
443,452888,The Lord of the Rings (film series),The_Lord_of_the_Rings_(film_series),"""",The_Lord_of_the_Rings_(film_series),""",","""The_Lord_of_the_Rings_(film_series)"","
444,452231,Shaquille O'Neal,Shaquille_O'Neal,"""",Shaquille_O'Neal,""",","""Shaquille_O'Neal"","
445,450707,List of serial killers in the United States,List_of_serial_killers_in_the_United_States,"""",List_of_serial_killers_in_the_United_States,""",","""List_of_serial_killers_in_the_United_States"","
446,450175,Peaky Blinders (TV series),Peaky_Blinders_(TV_series),"""",Peaky_Blinders_(TV_series),""",","""Peaky_Blinders_(TV_series)"","
447,449820,List of Teachers' Days,List_of_Teachers'_Days,"""",List_of_Teachers'_Days,""",","""List_of_Teachers'_Days"","
448,449579,Breaking Bad,Breaking_Bad,"""",Breaking_Bad,""",","""Breaking_Bad"","
449,447292,Avatar (2009 film),Avatar_(2009_film),"""",Avatar_(2009_film),""",","""Avatar_(2009_film)"","
450,446649,Tom Pelphrey,Tom_Pelphrey,"""",Tom_Pelphrey,""",","""Tom_Pelphrey"","
451,446081,The School for Good and Evil,The_School_for_Good_and_Evil,"""",The_School_for_Good_and_Evil,""",","""The_School_for_Good_and_Evil"","
452,446079,Luke Macfarlane,Luke_Macfarlane,"""",Luke_Macfarlane,""",","""Luke_Macfarlane"","
453,445317,Anna Sorokin,Anna_Sorokin,"""",Anna_Sorokin,""",","""Anna_Sorokin"","
454,445048,Marvel Cinematic Universe: Phase Four,Marvel_Cinematic_Universe:_Phase_Four,"""",Marvel_Cinematic_Universe:_Phase_Four,""",","""Marvel_Cinematic_Universe:_Phase_Four"","
455,444702,The Crown (TV series),The_Crown_(TV_series),"""",The_Crown_(TV_series),""",","""The_Crown_(TV_series)"","
456,442959,Stranger Things,Stranger_Things,"""",Stranger_Things,""",","""Stranger_Things"","
457,442797,Wikimedia Foundation,Wikimedia_Foundation,"""",Wikimedia_Foundation,""",","""Wikimedia_Foundation"","
458,442455,Jimmy Carter,Jimmy_Carter,"""",Jimmy_Carter,""",","""Jimmy_Carter"","
459,441792,The Sinner (TV series),The_Sinner_(TV_series),"""",The_Sinner_(TV_series),""",","""The_Sinner_(TV_series)"","
460,441507,Guillermo del Toro,Guillermo_del_Toro,"""",Guillermo_del_Toro,""",","""Guillermo_del_Toro"","
461,440872,Fellatio,Fellatio,"""",Fellatio,""",","""Fellatio"","
462,439524,Kim Petras,Kim_Petras,"""",Kim_Petras,""",","""Kim_Petras"","
463,438941,Roblox,Roblox,"""",Roblox,""",","""Roblox"","
464,438792,David Bowie,David_Bowie,"""",David_Bowie,""",","""David_Bowie"","
465,438285,France,France,"""",France,""",","""France"","
466,437453,Werewolf by Night,Werewolf_by_Night,"""",Werewolf_by_Night,""",","""Werewolf_by_Night"","
467,437082,Brazil,Brazil,"""",Brazil,""",","""Brazil"","
468,436652,C++,C++,"""",C++,""",","""C++"","
469,436124,Pierce Brosnan,Pierce_Brosnan,"""",Pierce_Brosnan,""",","""Pierce_Brosnan"","
470,435994,Nope (film),Nope_(film),"""",Nope_(film),""",","""Nope_(film)"","
471,435758,Aishwarya Rai Bachchan,Aishwarya_Rai_Bachchan,"""",Aishwarya_Rai_Bachchan,""",","""Aishwarya_Rai_Bachchan"","
472,435465,Italy,Italy,"""",Italy,""",","""Italy"","
473,434646,Karthikeya 2,Karthikeya_2,"""",Karthikeya_2,""",","""Karthikeya_2"","
474,433989,Selena Gomez,Selena_Gomez,"""",Selena_Gomez,""",","""Selena_Gomez"","
475,433130,Tár,Tár,"""",Tár,""",","""Tár"","
476,432601,Bella Hadid,Bella_Hadid,"""",Bella_Hadid,""",","""Bella_Hadid"","
477,431943,Kris Jenner,Kris_Jenner,"""",Kris_Jenner,""",","""Kris_Jenner"","
478,431661,Apple Inc.,Apple_Inc.,"""",Apple_Inc.,""",","""Apple_Inc."","
479,431501,Liverpool F.C.,Liverpool_F.C.,"""",Liverpool_F.C.,""",","""Liverpool_F.C."","
480,431326,Edward VII,Edward_VII,"""",Edward_VII,""",","""Edward_VII"","
481,430989,South Africa,South_Africa,"""",South_Africa,""",","""South_Africa"","
482,430799,Sylvester Stallone,Sylvester_Stallone,"""",Sylvester_Stallone,""",","""Sylvester_Stallone"","
483,430212,Taiwan,Taiwan,"""",Taiwan,""",","""Taiwan"","
484,430197,Rihanna,Rihanna,"""",Rihanna,""",","""Rihanna"","
485,428502,Catherine de' Medici,Catherine_de'_Medici,"""",Catherine_de'_Medici,""",","""Catherine_de'_Medici"","
486,428435,Abraham Lincoln,Abraham_Lincoln,"""",Abraham_Lincoln,""",","""Abraham_Lincoln"","
487,427837,Sandy Hook Elementary School shooting,Sandy_Hook_Elementary_School_shooting,"""",Sandy_Hook_Elementary_School_shooting,""",","""Sandy_Hook_Elementary_School_shooting"","
488,427576,Mahsa Amini protests,Mahsa_Amini_protests,"""",Mahsa_Amini_protests,""",","""Mahsa_Amini_protests"","
489,427084,Paris Saint-Germain F.C.,Paris_Saint-Germain_F.C.,"""",Paris_Saint-Germain_F.C.,""",","""Paris_Saint-Germain_F.C."","
490,425953,Arshad Sharif,Arshad_Sharif,"""",Arshad_Sharif,""",","""Arshad_Sharif"","
491,425765,Ottoman Empire,Ottoman_Empire,"""",Ottoman_Empire,""",","""Ottoman_Empire"","
492,425112,Jack Dorsey,Jack_Dorsey,"""",Jack_Dorsey,""",","""Jack_Dorsey"","
493,422265,Geena Davis,Geena_Davis,"""",Geena_Davis,""",","""Geena_Davis"","
494,421471,Tupac Shakur,Tupac_Shakur,"""",Tupac_Shakur,""",","""Tupac_Shakur"","
496,420878,.xxx,.xxx,"""",.xxx,""",",""".xxx"","
497,420458,Joe Alwyn,Joe_Alwyn,"""",Joe_Alwyn,""",","""Joe_Alwyn"","
498,420425,2022 Atlantic hurricane season,2022_Atlantic_hurricane_season,"""",2022_Atlantic_hurricane_season,""",","""2022_Atlantic_hurricane_season"","
499,419756,Hannah Waddingham,Hannah_Waddingham,"""",Hannah_Waddingham,""",","""Hannah_Waddingham"","
500,418949,Rings of Power,Rings_of_Power,"""",Rings_of_Power,""",","""Rings_of_Power"","
501,417078,Tua Tagovailoa,Tua_Tagovailoa,"""",Tua_Tagovailoa,""",","""Tua_Tagovailoa"","
502,416484,Interview with the Vampire (TV series),Interview_with_the_Vampire_(TV_series),"""",Interview_with_the_Vampire_(TV_series),""",","""Interview_with_the_Vampire_(TV_series)"","
503,416330,Vendhu Thanindhathu Kaadu,Vendhu_Thanindhathu_Kaadu,"""",Vendhu_Thanindhathu_Kaadu,""",","""Vendhu_Thanindhathu_Kaadu"","
504,415543,England,England,"""",England,""",","""England"","
505,415042,Jayde Adams,Jayde_Adams,"""",Jayde_Adams,""",","""Jayde_Adams"","
506,414866,Casualties of the Russo-Ukrainian War,Casualties_of_the_Russo-Ukrainian_War,"""",Casualties_of_the_Russo-Ukrainian_War,""",","""Casualties_of_the_Russo-Ukrainian_War"","
507,414756,Jennifer Connelly,Jennifer_Connelly,"""",Jennifer_Connelly,""",","""Jennifer_Connelly"","
508,414563,Mia Farrow,Mia_Farrow,"""",Mia_Farrow,""",","""Mia_Farrow"","
509,414446,Rakshit Shetty,Rakshit_Shetty,"""",Rakshit_Shetty,""",","""Rakshit_Shetty"","
510,414351,Pablo Escobar,Pablo_Escobar,"""",Pablo_Escobar,""",","""Pablo_Escobar"","
511,414301,Shalin Bhanot,Shalin_Bhanot,"""",Shalin_Bhanot,""",","""Shalin_Bhanot"","
512,414278,Philadelphia Phillies,Philadelphia_Phillies,"""",Philadelphia_Phillies,""",","""Philadelphia_Phillies"","
513,414136,Jack Harlow,Jack_Harlow,"""",Jack_Harlow,""",","""Jack_Harlow"","
514,413829,Edmund Kemper,Edmund_Kemper,"""",Edmund_Kemper,""",","""Edmund_Kemper"","
515,413456,Strictly Come Dancing (series 20),Strictly_Come_Dancing_(series_20),"""",Strictly_Come_Dancing_(series_20),""",","""Strictly_Come_Dancing_(series_20)"","
516,413247,Seven deadly sins,Seven_deadly_sins,"""",Seven_deadly_sins,""",","""Seven_deadly_sins"","
517,413192,Paul Newman,Paul_Newman,"""",Paul_Newman,""",","""Paul_Newman"","
518,413127,UEFA Europa League,UEFA_Europa_League,"""",UEFA_Europa_League,""",","""UEFA_Europa_League"","
519,411985,Aaron Rodgers,Aaron_Rodgers,"""",Aaron_Rodgers,""",","""Aaron_Rodgers"","
520,411509,DD,DD,"""",DD,""",","""DD"","
521,409508,K.G.F: Chapter 2,K.G.F:_Chapter_2,"""",K.G.F:_Chapter_2,""",","""K.G.F:_Chapter_2"","
522,409482,Annie Ernaux,Annie_Ernaux,"""",Annie_Ernaux,""",","""Annie_Ernaux"","
523,408602,Millie Bobby Brown,Millie_Bobby_Brown,"""",Millie_Bobby_Brown,""",","""Millie_Bobby_Brown"","
524,408105,Patrick Mahomes,Patrick_Mahomes,"""",Patrick_Mahomes,""",","""Patrick_Mahomes"","
525,407912,Harry Potter (film series),Harry_Potter_(film_series),"""",Harry_Potter_(film_series),""",","""Harry_Potter_(film_series)"","
526,406490,TikTok,TikTok,"""",TikTok,""",","""TikTok"","
527,406352,Anderson Silva,Anderson_Silva,"""",Anderson_Silva,""",","""Anderson_Silva"","
528,405392,Kylian Mbappé,Kylian_Mbappé,"""",Kylian_Mbappé,""",","""Kylian_Mbappé"","
529,405379,Doctor G,Doctor_G,"""",Doctor_G,""",","""Doctor_G"","
530,405321,Next United Kingdom general election,Next_United_Kingdom_general_election,"""",Next_United_Kingdom_general_election,""",","""Next_United_Kingdom_general_election"","
531,405282,Eddie Redmayne,Eddie_Redmayne,"""",Eddie_Redmayne,""",","""Eddie_Redmayne"","
532,405240,Ashton Kutcher,Ashton_Kutcher,"""",Ashton_Kutcher,""",","""Ashton_Kutcher"","
533,405053,Napoleon,Napoleon,"""",Napoleon,""",","""Napoleon"","
534,404515,Cate Blanchett,Cate_Blanchett,"""",Cate_Blanchett,""",","""Cate_Blanchett"","
535,404362,Mallikarjun Kharge,Mallikarjun_Kharge,"""",Mallikarjun_Kharge,""",","""Mallikarjun_Kharge"","
536,404115,United Arab Emirates,United_Arab_Emirates,"""",United_Arab_Emirates,""",","""United_Arab_Emirates"","
537,403857,Travis Barker,Travis_Barker,"""",Travis_Barker,""",","""Travis_Barker"","
538,403765,Volodymyr Zelenskyy,Volodymyr_Zelenskyy,"""",Volodymyr_Zelenskyy,""",","""Volodymyr_Zelenskyy"","
539,403658,Billie Eilish,Billie_Eilish,"""",Billie_Eilish,""",","""Billie_Eilish"","
540,403403,Tony Adams,Tony_Adams,"""",Tony_Adams,""",","""Tony_Adams"","
541,402525,Sacheen Littlefeather,Sacheen_Littlefeather,"""",Sacheen_Littlefeather,""",","""Sacheen_Littlefeather"","
542,402169,William Shakespeare,William_Shakespeare,"""",William_Shakespeare,""",","""William_Shakespeare"","
543,401220,Chadwick Boseman,Chadwick_Boseman,"""",Chadwick_Boseman,""",","""Chadwick_Boseman"","
544,401203,Sosie Bacon,Sosie_Bacon,"""",Sosie_Bacon,""",","""Sosie_Bacon"","
545,400930,World Teachers' Day,World_Teachers'_Day,"""",World_Teachers'_Day,""",","""World_Teachers'_Day"","
546,400719,Constance Wu,Constance_Wu,"""",Constance_Wu,""",","""Constance_Wu"","
547,400182,Mani Ratnam,Mani_Ratnam,"""",Mani_Ratnam,""",","""Mani_Ratnam"","
548,400168,Emma Watson,Emma_Watson,"""",Emma_Watson,""",","""Emma_Watson"","
549,400113,Zendaya,Zendaya,"""",Zendaya,""",","""Zendaya"","
550,399984,Vietnam War,Vietnam_War,"""",Vietnam_War,""",","""Vietnam_War"","
551,399945,Josh Allen (quarterback),Josh_Allen_(quarterback),"""",Josh_Allen_(quarterback),""",","""Josh_Allen_(quarterback)"","
552,399520,Skaar (character),Skaar_(character),"""",Skaar_(character),""",","""Skaar_(character)"","
553,399476,The Try Guys,The_Try_Guys,"""",The_Try_Guys,""",","""The_Try_Guys"","
554,398565,Nanjing Massacre,Nanjing_Massacre,"""",Nanjing_Massacre,""",","""Nanjing_Massacre"","
555,398095,Harry Potter,Harry_Potter,"""",Harry_Potter,""",","""Harry_Potter"","
556,397828,Linux,Linux,"""",Linux,""",","""Linux"","
557,397790,Muhammad,Muhammad,"""",Muhammad,""",","""Muhammad"","
558,397718,Colonel Tom Parker,Colonel_Tom_Parker,"""",Colonel_Tom_Parker,""",","""Colonel_Tom_Parker"","
559,397137,Everything Everywhere All at Once,Everything_Everywhere_All_at_Once,"""",Everything_Everywhere_All_at_Once,""",","""Everything_Everywhere_All_at_Once"","
560,397078,Robin Williams,Robin_Williams,"""",Robin_Williams,""",","""Robin_Williams"","
561,396936,David Tennant,David_Tennant,"""",David_Tennant,""",","""David_Tennant"","
562,396871,List of highest-grossing films,List_of_highest-grossing_films,"""",List_of_highest-grossing_films,""",","""List_of_highest-grossing_films"","
563,396729,New Zealand,New_Zealand,"""",New_Zealand,""",","""New_Zealand"","
564,396426,Super Bowl XXX,Super_Bowl_XXX,"""",Super_Bowl_XXX,""",","""Super_Bowl_XXX"","
565,395919,Mark Wahlberg,Mark_Wahlberg,"""",Mark_Wahlberg,""",","""Mark_Wahlberg"","
566,394001,Theresa May,Theresa_May,"""",Theresa_May,""",","""Theresa_May"","
567,393275,Galadriel,Galadriel,"""",Galadriel,""",","""Galadriel"","
568,393067,Robert Lewandowski,Robert_Lewandowski,"""",Robert_Lewandowski,""",","""Robert_Lewandowski"","
569,392824,Grey's Anatomy,Grey's_Anatomy,"""",Grey's_Anatomy,""",","""Grey's_Anatomy"","
570,392689,Blake Lively,Blake_Lively,"""",Blake_Lively,""",","""Blake_Lively"","
571,392402,Ant-Man and the Wasp: Quantumania,Ant-Man_and_the_Wasp:_Quantumania,"""",Ant-Man_and_the_Wasp:_Quantumania,""",","""Ant-Man_and_the_Wasp:_Quantumania"","
572,391365,Charlie Chaplin,Charlie_Chaplin,"""",Charlie_Chaplin,""",","""Charlie_Chaplin"","
573,390869,Cyprus,Cyprus,"""",Cyprus,""",","""Cyprus"","
574,390448,List of The Handmaid's Tale episodes,List_of_The_Handmaid's_Tale_episodes,"""",List_of_The_Handmaid's_Tale_episodes,""",","""List_of_The_Handmaid's_Tale_episodes"","
575,390378,Black Panther (film),Black_Panther_(film),"""",Black_Panther_(film),""",","""Black_Panther_(film)"","
576,390151,Ed and Lorraine Warren,Ed_and_Lorraine_Warren,"""",Ed_and_Lorraine_Warren,""",","""Ed_and_Lorraine_Warren"","
577,389968,Keir Starmer,Keir_Starmer,"""",Keir_Starmer,""",","""Keir_Starmer"","
578,389844,Better Call Saul,Better_Call_Saul,"""",Better_Call_Saul,""",","""Better_Call_Saul"","
579,389786,NATO,NATO,"""",NATO,""",","""NATO"","
580,389449,Zac Efron,Zac_Efron,"""",Zac_Efron,""",","""Zac_Efron"","
581,389386,Jessica Chastain,Jessica_Chastain,"""",Jessica_Chastain,""",","""Jessica_Chastain"","
582,388629,Europe,Europe,"""",Europe,""",","""Europe"","
583,388618,Qatar,Qatar,"""",Qatar,""",","""Qatar"","
584,387098,Saudi Arabia,Saudi_Arabia,"""",Saudi_Arabia,""",","""Saudi_Arabia"","
585,386798,Kylie Jenner,Kylie_Jenner,"""",Kylie_Jenner,""",","""Kylie_Jenner"","
586,386558,Israel,Israel,"""",Israel,""",","""Israel"","
587,386059,Aishwarya Lekshmi,Aishwarya_Lekshmi,"""",Aishwarya_Lekshmi,""",","""Aishwarya_Lekshmi"","
588,385902,Sandra Bullock,Sandra_Bullock,"""",Sandra_Bullock,""",","""Sandra_Bullock"","
589,385765,Vikram (actor),Vikram_(actor),"""",Vikram_(actor),""",","""Vikram_(actor)"","
590,385219,Margot Robbie,Margot_Robbie,"""",Margot_Robbie,""",","""Margot_Robbie"","
591,385081,Gwen Stefani,Gwen_Stefani,"""",Gwen_Stefani,""",","""Gwen_Stefani"","
592,385061,Josh Heupel,Josh_Heupel,"""",Josh_Heupel,""",","""Josh_Heupel"","
593,384966,2022,2022,"""",2022,""",","""2022"","
594,384922,Stephen Hawking,Stephen_Hawking,"""",Stephen_Hawking,""",","""Stephen_Hawking"","
595,384897,Jason Sudeikis,Jason_Sudeikis,"""",Jason_Sudeikis,""",","""Jason_Sudeikis"","
596,384626,Sarah Shahi,Sarah_Shahi,"""",Sarah_Shahi,""",","""Sarah_Shahi"","
597,383488,Los Angeles,Los_Angeles,"""",Los_Angeles,""",","""Los_Angeles"","
598,383141,Bangladesh,Bangladesh,"""",Bangladesh,""",","""Bangladesh"","
599,382974,Charlie Puth,Charlie_Puth,"""",Charlie_Puth,""",","""Charlie_Puth"","
600,382482,Call of Duty,Call_of_Duty,"""",Call_of_Duty,""",","""Call_of_Duty"","
601,381978,American Psycho (film),American_Psycho_(film),"""",American_Psycho_(film),""",","""American_Psycho_(film)"","
602,381530,Liam Neeson,Liam_Neeson,"""",Liam_Neeson,""",","""Liam_Neeson"","
603,381446,Switzerland,Switzerland,"""",Switzerland,""",","""Switzerland"","
604,381029,Mostafa El-Abbadi,Mostafa_El-Abbadi,"""",Mostafa_El-Abbadi,""",","""Mostafa_El-Abbadi"","
605,380842,"Anne, Princess Royal","Anne,_Princess_Royal","""","Anne,_Princess_Royal",""",","""Anne,_Princess_Royal"","
606,380780,Nick Cannon,Nick_Cannon,"""",Nick_Cannon,""",","""Nick_Cannon"","
607,380641,Vikram Vedha,Vikram_Vedha,"""",Vikram_Vedha,""",","""Vikram_Vedha"","
608,380121,South Korea,South_Korea,"""",South_Korea,""",","""South_Korea"","
609,379220,Trisha (actress),Trisha_(actress),"""",Trisha_(actress),""",","""Trisha_(actress)"","
610,378678,C (programming language),C_(programming_language),"""",C_(programming_language),""",","""C_(programming_language)"","
611,378416,Princess Sophie of Bavaria,Princess_Sophie_of_Bavaria,"""",Princess_Sophie_of_Bavaria,""",","""Princess_Sophie_of_Bavaria"","
612,378223,"Meghan, Duchess of Sussex","Meghan,_Duchess_of_Sussex","""","Meghan,_Duchess_of_Sussex",""",","""Meghan,_Duchess_of_Sussex"","
613,377785,Chris Pratt,Chris_Pratt,"""",Chris_Pratt,""",","""Chris_Pratt"","
614,376221,Chancellor of the Exchequer,Chancellor_of_the_Exchequer,"""",Chancellor_of_the_Exchequer,""",","""Chancellor_of_the_Exchequer"","
615,376186,North America,North_America,"""",North_America,""",","""North_America"","
616,375669,Thora Birch,Thora_Birch,"""",Thora_Birch,""",","""Thora_Birch"","
617,375628,Creed III,Creed_III,"""",Creed_III,""",","""Creed_III"","
618,375449,Dakota Johnson,Dakota_Johnson,"""",Dakota_Johnson,""",","""Dakota_Johnson"","
619,373988,Stephen Curry,Stephen_Curry,"""",Stephen_Curry,""",","""Stephen_Curry"","
620,373588,Ted Lasso,Ted_Lasso,"""",Ted_Lasso,""",","""Ted_Lasso"","
621,373223,Ted Kaczynski,Ted_Kaczynski,"""",Ted_Kaczynski,""",","""Ted_Kaczynski"","
622,373108,Ariana Grande,Ariana_Grande,"""",Ariana_Grande,""",","""Ariana_Grande"","
623,372883,Last Seen Alive,Last_Seen_Alive,"""",Last_Seen_Alive,""",","""Last_Seen_Alive"","
624,372860,Yom Kippur,Yom_Kippur,"""",Yom_Kippur,""",","""Yom_Kippur"","
625,372517,"Louis Mountbatten, 1st Earl Mountbatten of Burma","Louis_Mountbatten,_1st_Earl_Mountbatten_of_Burma","""","Louis_Mountbatten,_1st_Earl_Mountbatten_of_Burma",""",","""Louis_Mountbatten,_1st_Earl_Mountbatten_of_Burma"","
626,372143,Colin Farrell,Colin_Farrell,"""",Colin_Farrell,""",","""Colin_Farrell"","
627,371368,The Nightmare Before Christmas,The_Nightmare_Before_Christmas,"""",The_Nightmare_Before_Christmas,""",","""The_Nightmare_Before_Christmas"","
628,370221,Brittney Griner,Brittney_Griner,"""",Brittney_Griner,""",","""Brittney_Griner"","
629,369916,"Prince Harry, Duke of Sussex","Prince_Harry,_Duke_of_Sussex","""","Prince_Harry,_Duke_of_Sussex",""",","""Prince_Harry,_Duke_of_Sussex"","
630,369775,Zlatan Ibrahimović,Zlatan_Ibrahimović,"""",Zlatan_Ibrahimović,""",","""Zlatan_Ibrahimović"","
631,369169,Jennifer Lopez,Jennifer_Lopez,"""",Jennifer_Lopez,""",","""Jennifer_Lopez"","
632,368883,Timeline of the 2022 Russian invasion of Ukraine: phase 3,Timeline_of_the_2022_Russian_invasion_of_Ukraine:_phase_3,"""",Timeline_of_the_2022_Russian_invasion_of_Ukraine:_phase_3,""",","""Timeline_of_the_2022_Russian_invasion_of_Ukraine:_phase_3"","
633,368522,Billy Eichner,Billy_Eichner,"""",Billy_Eichner,""",","""Billy_Eichner"","
634,368337,Crimea,Crimea,"""",Crimea,""",","""Crimea"","
635,367744,Jennifer Aniston,Jennifer_Aniston,"""",Jennifer_Aniston,""",","""Jennifer_Aniston"","
636,367144,Henry VIII,Henry_VIII,"""",Henry_VIII,""",","""Henry_VIII"","
637,366528,Millennials,Millennials,"""",Millennials,""",","""Millennials"","
638,366231,Taj Mahal,Taj_Mahal,"""",Taj_Mahal,""",","""Taj_Mahal"","
639,366200,Mexico,Mexico,"""",Mexico,""",","""Mexico"","
640,365530,Ezra Miller,Ezra_Miller,"""",Ezra_Miller,""",","""Ezra_Miller"","
641,364768,The Beatles,The_Beatles,"""",The_Beatles,""",","""The_Beatles"","
642,364357,Shah Rukh Khan,Shah_Rukh_Khan,"""",Shah_Rukh_Khan,""",","""Shah_Rukh_Khan"","
643,364020,Jeepers Creepers (2001 film),Jeepers_Creepers_(2001_film),"""",Jeepers_Creepers_(2001_film),""",","""Jeepers_Creepers_(2001_film)"","
644,363763,Spain,Spain,"""",Spain,""",","""Spain"","
645,362228,MrBeast,MrBeast,"""",MrBeast,""",","""MrBeast"","
646,362105,Alexander the Great,Alexander_the_Great,"""",Alexander_the_Great,""",","""Alexander_the_Great"","
647,361900,Chucky (TV series),Chucky_(TV_series),"""",Chucky_(TV_series),""",","""Chucky_(TV_series)"","
648,361841,Martin Lorentzon,Martin_Lorentzon,"""",Martin_Lorentzon,""",","""Martin_Lorentzon"","
649,361658,Chernobyl disaster,Chernobyl_disaster,"""",Chernobyl_disaster,""",","""Chernobyl_disaster"","
650,361537,Gigi Hadid,Gigi_Hadid,"""",Gigi_Hadid,""",","""Gigi_Hadid"","
651,359871,2023 Cricket World Cup,2023_Cricket_World_Cup,"""",2023_Cricket_World_Cup,""",","""2023_Cricket_World_Cup"","
652,359809,Soham murders,Soham_murders,"""",Soham_murders,""",","""Soham_murders"","
653,359394,Vijayadashami,Vijayadashami,"""",Vijayadashami,""",","""Vijayadashami"","
654,359243,Rorschach (film),Rorschach_(film),"""",Rorschach_(film),""",","""Rorschach_(film)"","
655,359139,Elizabeth I,Elizabeth_I,"""",Elizabeth_I,""",","""Elizabeth_I"","
656,358634,Telegram (software),Telegram_(software),"""",Telegram_(software),""",","""Telegram_(software)"","
657,358607,Thérèse Coffey,Thérèse_Coffey,"""",Thérèse_Coffey,""",","""Thérèse_Coffey"","
658,358569,Prince (2022 film),Prince_(2022_film),"""",Prince_(2022_film),""",","""Prince_(2022_film)"","
659,358506,Bruce Willis,Bruce_Willis,"""",Bruce_Willis,""",","""Bruce_Willis"","
660,358361,Sam Smith,Sam_Smith,"""",Sam_Smith,""",","""Sam_Smith"","
661,358292,Neymar,Neymar,"""",Neymar,""",","""Neymar"","
662,358199,List of countries and dependencies by population,List_of_countries_and_dependencies_by_population,"""",List_of_countries_and_dependencies_by_population,""",","""List_of_countries_and_dependencies_by_population"","
663,357750,The Boys (TV series),The_Boys_(TV_series),"""",The_Boys_(TV_series),""",","""The_Boys_(TV_series)"","
664,357737,HESA Shahed 136,HESA_Shahed_136,"""",HESA_Shahed_136,""",","""HESA_Shahed_136"","
665,357295,Vincent van Gogh,Vincent_van_Gogh,"""",Vincent_van_Gogh,""",","""Vincent_van_Gogh"","
666,357143,SmartBear,SmartBear,"""",SmartBear,""",","""SmartBear"","
667,357048,E-commerce,E-commerce,"""",E-commerce,""",","""E-commerce"","
668,356605,Waffle House Index,Waffle_House_Index,"""",Waffle_House_Index,""",","""Waffle_House_Index"","
669,356539,Tom Holland,Tom_Holland,"""",Tom_Holland,""",","""Tom_Holland"","
670,356403,Karthi,Karthi,"""",Karthi,""",","""Karthi"","
671,356288,Poland,Poland,"""",Poland,""",","""Poland"","
672,356194,Sophia Anne Caruso,Sophia_Anne_Caruso,"""",Sophia_Anne_Caruso,""",","""Sophia_Anne_Caruso"","
673,356034,Antisemitism,Antisemitism,"""",Antisemitism,""",","""Antisemitism"","
674,355689,Tatiana Maslany,Tatiana_Maslany,"""",Tatiana_Maslany,""",","""Tatiana_Maslany"","
675,355076,Kym Marsh,Kym_Marsh,"""",Kym_Marsh,""",","""Kym_Marsh"","
676,354923,Isildur,Isildur,"""",Isildur,""",","""Isildur"","
677,354057,American Civil War,American_Civil_War,"""",American_Civil_War,""",","""American_Civil_War"","
678,353347,Heath Ledger,Heath_Ledger,"""",Heath_Ledger,""",","""Heath_Ledger"","
679,353173,Jason Momoa,Jason_Momoa,"""",Jason_Momoa,""",","""Jason_Momoa"","
680,353160,The Masked Singer (American season 8),The_Masked_Singer_(American_season_8),"""",The_Masked_Singer_(American_season_8),""",","""The_Masked_Singer_(American_season_8)"","
681,353098,DC Extended Universe,DC_Extended_Universe,"""",DC_Extended_Universe,""",","""DC_Extended_Universe"","
682,352944,David Cameron,David_Cameron,"""",David_Cameron,""",","""David_Cameron"","
683,352314,Velma Dinkley,Velma_Dinkley,"""",Velma_Dinkley,""",","""Velma_Dinkley"","
684,352275,Sajid Khan (director),Sajid_Khan_(director),"""",Sajid_Khan_(director),""",","""Sajid_Khan_(director)"","
685,352236,September 11 attacks,September_11_attacks,"""",September_11_attacks,""",","""September_11_attacks"","
686,352141,Selma Blair,Selma_Blair,"""",Selma_Blair,""",","""Selma_Blair"","
687,350996,Ronald Reagan,Ronald_Reagan,"""",Ronald_Reagan,""",","""Ronald_Reagan"","
688,350581,2019 United Kingdom general election,2019_United_Kingdom_general_election,"""",2019_United_Kingdom_general_election,""",","""2019_United_Kingdom_general_election"","
689,350401,Samhain,Samhain,"""",Samhain,""",","""Samhain"","
690,350253,Christopher Lloyd,Christopher_Lloyd,"""",Christopher_Lloyd,""",","""Christopher_Lloyd"","
691,349562,Harvey Weinstein,Harvey_Weinstein,"""",Harvey_Weinstein,""",","""Harvey_Weinstein"","
692,349091,John Lennon,John_Lennon,"""",John_Lennon,""",","""John_Lennon"","
693,348951,Triangle of Sadness,Triangle_of_Sadness,"""",Triangle_of_Sadness,""",","""Triangle_of_Sadness"","
694,348782,Tom Hanks,Tom_Hanks,"""",Tom_Hanks,""",","""Tom_Hanks"","
695,348744,Tom DeLonge,Tom_DeLonge,"""",Tom_DeLonge,""",","""Tom_DeLonge"","
696,348418,Hereditary (film),Hereditary_(film),"""",Hereditary_(film),""",","""Hereditary_(film)"","
697,348334,Jacob Rees-Mogg,Jacob_Rees-Mogg,"""",Jacob_Rees-Mogg,""",","""Jacob_Rees-Mogg"","
698,348285,The Bear (TV series),The_Bear_(TV_series),"""",The_Bear_(TV_series),""",","""The_Bear_(TV_series)"","
699,348032,Jules Bianchi,Jules_Bianchi,"""",Jules_Bianchi,""",","""Jules_Bianchi"","
701,347691,From Scratch (TV series),From_Scratch_(TV_series),"""",From_Scratch_(TV_series),""",","""From_Scratch_(TV_series)"","
702,346910,Snoop Dogg,Snoop_Dogg,"""",Snoop_Dogg,""",","""Snoop_Dogg"","
703,346607,2020 United States presidential election,2020_United_States_presidential_election,"""",2020_United_States_presidential_election,""",","""2020_United_States_presidential_election"","
704,346023,Burj Khalifa,Burj_Khalifa,"""",Burj_Khalifa,""",","""Burj_Khalifa"","
705,345832,Biggest ball of twine,Biggest_ball_of_twine,"""",Biggest_ball_of_twine,""",","""Biggest_ball_of_twine"","
706,345460,Christopher Guest,Christopher_Guest,"""",Christopher_Guest,""",","""Christopher_Guest"","
707,345126,List of Doctor Who episodes (2005–present),List_of_Doctor_Who_episodes_(2005–present),"""",List_of_Doctor_Who_episodes_(2005–present),""",","""List_of_Doctor_Who_episodes_(2005–present)"","
708,345081,Lady Gaga,Lady_Gaga,"""",Lady_Gaga,""",","""Lady_Gaga"","
709,344889,Joseph Stalin,Joseph_Stalin,"""",Joseph_Stalin,""",","""Joseph_Stalin"","
710,344673,George Washington,George_Washington,"""",George_Washington,""",","""George_Washington"","
711,344620,Maya Hawke,Maya_Hawke,"""",Maya_Hawke,""",","""Maya_Hawke"","
712,344572,Apple Network Server,Apple_Network_Server,"""",Apple_Network_Server,""",","""Apple_Network_Server"","
713,344547,List of Tamil films of 2022,List_of_Tamil_films_of_2022,"""",List_of_Tamil_films_of_2022,""",","""List_of_Tamil_films_of_2022"","
714,344209,Yellowstone (American TV series),Yellowstone_(American_TV_series),"""",Yellowstone_(American_TV_series),""",","""Yellowstone_(American_TV_series)"","
715,344132,Rupert Murdoch,Rupert_Murdoch,"""",Rupert_Murdoch,""",","""Rupert_Murdoch"","
716,343917,Winona Ryder,Winona_Ryder,"""",Winona_Ryder,""",","""Winona_Ryder"","
717,343635,Gary Ridgway,Gary_Ridgway,"""",Gary_Ridgway,""",","""Gary_Ridgway"","
718,343625,Borderline personality disorder,Borderline_personality_disorder,"""",Borderline_personality_disorder,""",","""Borderline_personality_disorder"","
719,343464,Vijaya Gadde,Vijaya_Gadde,"""",Vijaya_Gadde,""",","""Vijaya_Gadde"","
720,342966,Maximilian I of Mexico,Maximilian_I_of_Mexico,"""",Maximilian_I_of_Mexico,""",","""Maximilian_I_of_Mexico"","
721,342798,Russell Wilson,Russell_Wilson,"""",Russell_Wilson,""",","""Russell_Wilson"","
722,342036,Quentin Tarantino,Quentin_Tarantino,"""",Quentin_Tarantino,""",","""Quentin_Tarantino"","
724,341294,Justin Bieber,Justin_Bieber,"""",Justin_Bieber,""",","""Justin_Bieber"","
725,341139,Drew Barrymore,Drew_Barrymore,"""",Drew_Barrymore,""",","""Drew_Barrymore"","
726,341117,Spider-Man: No Way Home,Spider-Man:_No_Way_Home,"""",Spider-Man:_No_Way_Home,""",","""Spider-Man:_No_Way_Home"","
727,340866,Marvel Cinematic Universe: Phase Five,Marvel_Cinematic_Universe:_Phase_Five,"""",Marvel_Cinematic_Universe:_Phase_Five,""",","""Marvel_Cinematic_Universe:_Phase_Five"","
728,340559,Inheritance (2020 film),Inheritance_(2020_film),"""",Inheritance_(2020_film),""",","""Inheritance_(2020_film)"","
729,340496,Ronaldo (Brazilian footballer),Ronaldo_(Brazilian_footballer),"""",Ronaldo_(Brazilian_footballer),""",","""Ronaldo_(Brazilian_footballer)"","
730,340072,Tom Hardy,Tom_Hardy,"""",Tom_Hardy,""",","""Tom_Hardy"","
731,339782,2026 FIFA World Cup,2026_FIFA_World_Cup,"""",2026_FIFA_World_Cup,""",","""2026_FIFA_World_Cup"","
732,339752,XVideos,XVideos,"""",XVideos,""",","""XVideos"","
733,339655,Marlon Brando,Marlon_Brando,"""",Marlon_Brando,""",","""Marlon_Brando"","
734,339512,Red Hot Chili Peppers,Red_Hot_Chili_Peppers,"""",Red_Hot_Chili_Peppers,""",","""Red_Hot_Chili_Peppers"","
735,339029,Microsoft 365,Microsoft_365,"""",Microsoft_365,""",","""Microsoft_365"","
736,338953,Lizzo,Lizzo,"""",Lizzo,""",","""Lizzo"","
737,338879,2023 AFC U-17 Asian Cup qualification,2023_AFC_U-17_Asian_Cup_qualification,"""",2023_AFC_U-17_Asian_Cup_qualification,""",","""2023_AFC_U-17_Asian_Cup_qualification"","
738,338745,Jesus,Jesus,"""",Jesus,""",","""Jesus"","
739,338402,Top Gun,Top_Gun,"""",Top_Gun,""",","""Top_Gun"","
740,338068,Peyton Manning,Peyton_Manning,"""",Peyton_Manning,""",","""Peyton_Manning"","
741,337821,T.J. Miller,T.J._Miller,"""",T.J._Miller,""",","""T.J._Miller"","
742,337785,The Greatest Beer Run Ever,The_Greatest_Beer_Run_Ever,"""",The_Greatest_Beer_Run_Ever,""",","""The_Greatest_Beer_Run_Ever"","
743,337687,Niecy Nash,Niecy_Nash,"""",Niecy_Nash,""",","""Niecy_Nash"","
744,337557,Kevin Spacey,Kevin_Spacey,"""",Kevin_Spacey,""",","""Kevin_Spacey"","
745,337217,Chris Hemsworth,Chris_Hemsworth,"""",Chris_Hemsworth,""",","""Chris_Hemsworth"","
746,337061,Diane Morgan,Diane_Morgan,"""",Diane_Morgan,""",","""Diane_Morgan"","
747,336776,Rick and Morty,Rick_and_Morty,"""",Rick_and_Morty,""",","""Rick_and_Morty"","
748,336679,Hailey Bieber,Hailey_Bieber,"""",Hailey_Bieber,""",","""Hailey_Bieber"","
749,336541,Tyson Fury,Tyson_Fury,"""",Tyson_Fury,""",","""Tyson_Fury"","
750,336386,Pornography,Pornography,"""",Pornography,""",","""Pornography"","
751,336239,Amal Clooney,Amal_Clooney,"""",Amal_Clooney,""",","""Amal_Clooney"","
752,336144,The Troubles,The_Troubles,"""",The_Troubles,""",","""The_Troubles"","
753,335915,Timothée Chalamet,Timothée_Chalamet,"""",Timothée_Chalamet,""",","""Timothée_Chalamet"","
754,335862,Ben Affleck,Ben_Affleck,"""",Ben_Affleck,""",","""Ben_Affleck"","
755,335800,Tony Blair,Tony_Blair,"""",Tony_Blair,""",","""Tony_Blair"","
756,335639,Salman Khan,Salman_Khan,"""",Salman_Khan,""",","""Salman_Khan"","
757,335402,Afghanistan,Afghanistan,"""",Afghanistan,""",","""Afghanistan"","
758,334953,The Big Bang Theory,The_Big_Bang_Theory,"""",The_Big_Bang_Theory,""",","""The_Big_Bang_Theory"","
759,334812,Sean O'Malley (fighter),Sean_O'Malley_(fighter),"""",Sean_O'Malley_(fighter),""",","""Sean_O'Malley_(fighter)"","
760,334442,Steve McQueen,Steve_McQueen,"""",Steve_McQueen,""",","""Steve_McQueen"","
761,333971,50 Cent,50_Cent,"""",50_Cent,""",","""50_Cent"","
762,333508,HTTP cookie,HTTP_cookie,"""",HTTP_cookie,""",","""HTTP_cookie"","
762,333508,Kevin Bacon,Kevin_Bacon,"""",Kevin_Bacon,""",","""Kevin_Bacon"","
764,333469,Ryan Murphy (filmmaker),Ryan_Murphy_(filmmaker),"""",Ryan_Murphy_(filmmaker),""",","""Ryan_Murphy_(filmmaker)"","
765,333436,Jennifer Lawrence,Jennifer_Lawrence,"""",Jennifer_Lawrence,""",","""Jennifer_Lawrence"","
766,333140,Danny DeVito,Danny_DeVito,"""",Danny_DeVito,""",","""Danny_DeVito"","
767,332996,Email,Email,"""",Email,""",","""Email"","
768,332738,Anne Hathaway,Anne_Hathaway,"""",Anne_Hathaway,""",","""Anne_Hathaway"","
769,332241,Travis Kelce,Travis_Kelce,"""",Travis_Kelce,""",","""Travis_Kelce"","
770,331956,Kazakhstan,Kazakhstan,"""",Kazakhstan,""",","""Kazakhstan"","
771,331215,Tim Burton,Tim_Burton,"""",Tim_Burton,""",","""Tim_Burton"","
772,330641,Minecraft,Minecraft,"""",Minecraft,""",","""Minecraft"","
773,330553,20th Century Girl,20th_Century_Girl,"""",20th_Century_Girl,""",","""20th_Century_Girl"","
774,330257,Liam Hemsworth,Liam_Hemsworth,"""",Liam_Hemsworth,""",","""Liam_Hemsworth"","
775,330206,Pro Kabaddi League,Pro_Kabaddi_League,"""",Pro_Kabaddi_League,""",","""Pro_Kabaddi_League"","
776,330186,Stephen King,Stephen_King,"""",Stephen_King,""",","""Stephen_King"","
777,330175,Good Friday Agreement,Good_Friday_Agreement,"""",Good_Friday_Agreement,""",","""Good_Friday_Agreement"","
778,330091,Jalen Hurts,Jalen_Hurts,"""",Jalen_Hurts,""",","""Jalen_Hurts"","
779,330016,Robert Downey Jr.,Robert_Downey_Jr.,"""",Robert_Downey_Jr.,""",","""Robert_Downey_Jr."","
780,329558,List of UFC events,List_of_UFC_events,"""",List_of_UFC_events,""",","""List_of_UFC_events"","
781,329489,Earth,Earth,"""",Earth,""",","""Earth"","
782,329480,Sundar Pichai,Sundar_Pichai,"""",Sundar_Pichai,""",","""Sundar_Pichai"","
783,329348,Nigeria,Nigeria,"""",Nigeria,""",","""Nigeria"","
784,329151,Crystal Gayle,Crystal_Gayle,"""",Crystal_Gayle,""",","""Crystal_Gayle"","
785,329074,Windows 10 version history,Windows_10_version_history,"""",Windows_10_version_history,""",","""Windows_10_version_history"","
786,328910,"Mary, Queen of Scots","Mary,_Queen_of_Scots","""","Mary,_Queen_of_Scots",""",","""Mary,_Queen_of_Scots"","
787,328801,Carrie Fisher,Carrie_Fisher,"""",Carrie_Fisher,""",","""Carrie_Fisher"","
788,328791,Jack Antonoff,Jack_Antonoff,"""",Jack_Antonoff,""",","""Jack_Antonoff"","
789,328560,Thailand,Thailand,"""",Thailand,""",","""Thailand"","
790,328463,Malaysia,Malaysia,"""",Malaysia,""",","""Malaysia"","
791,328335,Rose Byrne,Rose_Byrne,"""",Rose_Byrne,""",","""Rose_Byrne"","
792,328162,"Camilla, Queen Consort","Camilla,_Queen_Consort","""","Camilla,_Queen_Consort",""",","""Camilla,_Queen_Consort"","
793,328140,Viscus,Viscus,"""",Viscus,""",","""Viscus"","
794,328016,Bleach: Thousand-Year Blood War,Bleach:_Thousand-Year_Blood_War,"""",Bleach:_Thousand-Year_Blood_War,""",","""Bleach:_Thousand-Year_Blood_War"","
795,327833,Roman Empire,Roman_Empire,"""",Roman_Empire,""",","""Roman_Empire"","
796,327818,Prince (musician),Prince_(musician),"""",Prince_(musician),""",","""Prince_(musician)"","
797,327028,Animal,Animal,"""",Animal,""",","""Animal"","
798,326673,Elton John,Elton_John,"""",Elton_John,""",","""Elton_John"","
799,325913,Man-Thing,Man-Thing,"""",Man-Thing,""",","""Man-Thing"","
800,325878,Timeline of the 2022 Russian invasion of Ukraine,Timeline_of_the_2022_Russian_invasion_of_Ukraine,"""",Timeline_of_the_2022_Russian_invasion_of_Ukraine,""",","""Timeline_of_the_2022_Russian_invasion_of_Ukraine"","
801,325870,Austin Butler,Austin_Butler,"""",Austin_Butler,""",","""Austin_Butler"","
802,325830,List of ethnic slurs,List_of_ethnic_slurs,"""",List_of_ethnic_slurs,""",","""List_of_ethnic_slurs"","
803,325809,HTTP 404,HTTP_404,"""",HTTP_404,""",","""HTTP_404"","
804,325604,Paul Pelosi,Paul_Pelosi,"""",Paul_Pelosi,""",","""Paul_Pelosi"","
805,325592,List of most-subscribed YouTube channels,List_of_most-subscribed_YouTube_channels,"""",List_of_most-subscribed_YouTube_channels,""",","""List_of_most-subscribed_YouTube_channels"","
806,325509,Vietnam,Vietnam,"""",Vietnam,""",","""Vietnam"","
807,325416,The Witcher (TV series),The_Witcher_(TV_series),"""",The_Witcher_(TV_series),""",","""The_Witcher_(TV_series)"","
808,325216,Narendra Modi,Narendra_Modi,"""",Narendra_Modi,""",","""Narendra_Modi"","
809,325109,Nikola Tesla,Nikola_Tesla,"""",Nikola_Tesla,""",","""Nikola_Tesla"","
810,324777,Fascism,Fascism,"""",Fascism,""",","""Fascism"","
811,324479,Dennis Rader,Dennis_Rader,"""",Dennis_Rader,""",","""Dennis_Rader"","
812,324444,Anna Nicole Smith,Anna_Nicole_Smith,"""",Anna_Nicole_Smith,""",","""Anna_Nicole_Smith"","
813,323987,Deontay Wilder,Deontay_Wilder,"""",Deontay_Wilder,""",","""Deontay_Wilder"","
814,323689,Hugh O'Leary,Hugh_O'Leary,"""",Hugh_O'Leary,""",","""Hugh_O'Leary"","
815,323661,Jamie Clayton,Jamie_Clayton,"""",Jamie_Clayton,""",","""Jamie_Clayton"","
816,323279,Matthew McConaughey,Matthew_McConaughey,"""",Matthew_McConaughey,""",","""Matthew_McConaughey"","
817,322775,The Batman (film),The_Batman_(film),"""",The_Batman_(film),""",","""The_Batman_(film)"","
818,322724,Franklin D. Roosevelt,Franklin_D._Roosevelt,"""",Franklin_D._Roosevelt,""",","""Franklin_D._Roosevelt"","
819,322701,Alec Baldwin,Alec_Baldwin,"""",Alec_Baldwin,""",","""Alec_Baldwin"","
820,322664,Charlize Theron,Charlize_Theron,"""",Charlize_Theron,""",","""Charlize_Theron"","
821,322560,Megan (2023 film),Megan_(2023_film),"""",Megan_(2023_film),""",","""Megan_(2023_film)"","
822,322347,Mao Zedong,Mao_Zedong,"""",Mao_Zedong,""",","""Mao_Zedong"","
823,322309,Sweden,Sweden,"""",Sweden,""",","""Sweden"","
824,322106,XXX: State of the Union,XXX:_State_of_the_Union,"""",XXX:_State_of_the_Union,""",","""XXX:_State_of_the_Union"","
825,321867,Atomic bombings of Hiroshima and Nagasaki,Atomic_bombings_of_Hiroshima_and_Nagasaki,"""",Atomic_bombings_of_Hiroshima_and_Nagasaki,""",","""Atomic_bombings_of_Hiroshima_and_Nagasaki"","
826,321866,Ireland,Ireland,"""",Ireland,""",","""Ireland"","
827,321448,Daniel Craig,Daniel_Craig,"""",Daniel_Craig,""",","""Daniel_Craig"","
828,320763,Malta,Malta,"""",Malta,""",","""Malta"","
829,320762,Ramzan Kadyrov,Ramzan_Kadyrov,"""",Ramzan_Kadyrov,""",","""Ramzan_Kadyrov"","
830,320522,Mark Zuckerberg,Mark_Zuckerberg,"""",Mark_Zuckerberg,""",","""Mark_Zuckerberg"","
831,320336,Jurassic World Dominion,Jurassic_World_Dominion,"""",Jurassic_World_Dominion,""",","""Jurassic_World_Dominion"","
832,320004,Nury Martinez,Nury_Martinez,"""",Nury_Martinez,""",","""Nury_Martinez"","
833,319609,John Carpenter,John_Carpenter,"""",John_Carpenter,""",","""John_Carpenter"","
834,319342,Georgia (country),Georgia_(country),"""",Georgia_(country),""",","""Georgia_(country)"","
835,319320,Nicolas Cage,Nicolas_Cage,"""",Nicolas_Cage,""",","""Nicolas_Cage"","
836,318901,Dolly Parton,Dolly_Parton,"""",Dolly_Parton,""",","""Dolly_Parton"","
837,318779,Alexander Volkanovski,Alexander_Volkanovski,"""",Alexander_Volkanovski,""",","""Alexander_Volkanovski"","
838,318238,The Sandman (TV series),The_Sandman_(TV_series),"""",The_Sandman_(TV_series),""",","""The_Sandman_(TV_series)"","
839,318236,Jackie Chan,Jackie_Chan,"""",Jackie_Chan,""",","""Jackie_Chan"","
840,318102,Iliza Shlesinger,Iliza_Shlesinger,"""",Iliza_Shlesinger,""",","""Iliza_Shlesinger"","
841,318067,COVID-19 pandemic,COVID-19_pandemic,"""",COVID-19_pandemic,""",","""COVID-19_pandemic"","
842,317967,The Black Phone,The_Black_Phone,"""",The_Black_Phone,""",","""The_Black_Phone"","
843,317925,Tales of the Jedi (TV series),Tales_of_the_Jedi_(TV_series),"""",Tales_of_the_Jedi_(TV_series),""",","""Tales_of_the_Jedi_(TV_series)"","
844,317462,Caitlyn Jenner,Caitlyn_Jenner,"""",Caitlyn_Jenner,""",","""Caitlyn_Jenner"","
845,317403,Nora Fatehi,Nora_Fatehi,"""",Nora_Fatehi,""",","""Nora_Fatehi"","
846,317298,Mohamed Salah,Mohamed_Salah,"""",Mohamed_Salah,""",","""Mohamed_Salah"","
847,316711,Buta Kola,Buta_Kola,"""",Buta_Kola,""",","""Buta_Kola"","
848,316702,Adam Sandler,Adam_Sandler,"""",Adam_Sandler,""",","""Adam_Sandler"","
849,316599,Twitch (service),Twitch_(service),"""",Twitch_(service),""",","""Twitch_(service)"","
850,316508,Bill Skarsgård,Bill_Skarsgård,"""",Bill_Skarsgård,""",","""Bill_Skarsgård"","
851,316465,List of The Walking Dead episodes,List_of_The_Walking_Dead_episodes,"""",List_of_The_Walking_Dead_episodes,""",","""List_of_The_Walking_Dead_episodes"","
852,316328,Mike Flanagan (filmmaker),Mike_Flanagan_(filmmaker),"""",Mike_Flanagan_(filmmaker),""",","""Mike_Flanagan_(filmmaker)"","
853,316285,Steeve Ho You Fat,Steeve_Ho_You_Fat,"""",Steeve_Ho_You_Fat,""",","""Steeve_Ho_You_Fat"","
854,316117,Microsoft,Microsoft,"""",Microsoft,""",","""Microsoft"","
855,316057,Paul Buchheit,Paul_Buchheit,"""",Paul_Buchheit,""",","""Paul_Buchheit"","
856,315759,Jim Carrey,Jim_Carrey,"""",Jim_Carrey,""",","""Jim_Carrey"","
857,315718,Belarus,Belarus,"""",Belarus,""",","""Belarus"","
858,315104,Nicki Minaj,Nicki_Minaj,"""",Nicki_Minaj,""",","""Nicki_Minaj"","
859,314952,VoteRiders,VoteRiders,"""",VoteRiders,""",","""VoteRiders"","
860,314945,Columbus Day,Columbus_Day,"""",Columbus_Day,""",","""Columbus_Day"","
861,314779,Cillian Murphy,Cillian_Murphy,"""",Cillian_Murphy,""",","""Cillian_Murphy"","
862,314735,Samuel Little,Samuel_Little,"""",Samuel_Little,""",","""Samuel_Little"","
863,314725,AC Omonia,AC_Omonia,"""",AC_Omonia,""",","""AC_Omonia"","
864,314262,Zodiac Killer,Zodiac_Killer,"""",Zodiac_Killer,""",","""Zodiac_Killer"","
865,314005,2008 United States men's Olympic basketball team,2008_United_States_men's_Olympic_basketball_team,"""",2008_United_States_men's_Olympic_basketball_team,""",","""2008_United_States_men's_Olympic_basketball_team"","
866,313811,John List (murderer),John_List_(murderer),"""",John_List_(murderer),""",","""John_List_(murderer)"","
867,313780,Hong Kong,Hong_Kong,"""",Hong_Kong,""",","""Hong_Kong"","
868,313680,Halsey (singer),Halsey_(singer),"""",Halsey_(singer),""",","""Halsey_(singer)"","
869,313612,Emily Blunt,Emily_Blunt,"""",Emily_Blunt,""",","""Emily_Blunt"","
870,313469,Lily James,Lily_James,"""",Lily_James,""",","""Lily_James"","
871,313413,Bill Gates,Bill_Gates,"""",Bill_Gates,""",","""Bill_Gates"","
872,312881,Emilia Clarke,Emilia_Clarke,"""",Emilia_Clarke,""",","""Emilia_Clarke"","
873,312862,James Corden,James_Corden,"""",James_Corden,""",","""James_Corden"","
874,312395,"Antony Armstrong-Jones, 1st Earl of Snowdon","Antony_Armstrong-Jones,_1st_Earl_of_Snowdon","""","Antony_Armstrong-Jones,_1st_Earl_of_Snowdon",""",","""Antony_Armstrong-Jones,_1st_Earl_of_Snowdon"","
875,311972,Rob McElhenney,Rob_McElhenney,"""",Rob_McElhenney,""",","""Rob_McElhenney"","
876,311956,Single-player,Single-player,"""",Single-player,""",","""Single-player"","
877,311786,Pink Floyd,Pink_Floyd,"""",Pink_Floyd,""",","""Pink_Floyd"","
878,311312,Danny Masterson,Danny_Masterson,"""",Danny_Masterson,""",","""Danny_Masterson"","
879,311158,Graham Potter,Graham_Potter,"""",Graham_Potter,""",","""Graham_Potter"","
880,310927,Bray Wyatt,Bray_Wyatt,"""",Bray_Wyatt,""",","""Bray_Wyatt"","
881,310653,Tim Curry,Tim_Curry,"""",Tim_Curry,""",","""Tim_Curry"","
882,310573,Vande Bharat Express,Vande_Bharat_Express,"""",Vande_Bharat_Express,""",","""Vande_Bharat_Express"","
883,310522,Houston Astros,Houston_Astros,"""",Houston_Astros,""",","""Houston_Astros"","
884,310443,Natalie Portman,Natalie_Portman,"""",Natalie_Portman,""",","""Natalie_Portman"","
885,310391,October 2022 United Kingdom government crisis,October_2022_United_Kingdom_government_crisis,"""",October_2022_United_Kingdom_government_crisis,""",","""October_2022_United_Kingdom_government_crisis"","
886,310311,Young Sheldon,Young_Sheldon,"""",Young_Sheldon,""",","""Young_Sheldon"","
887,310097,Czech Republic,Czech_Republic,"""",Czech_Republic,""",","""Czech_Republic"","
888,309906,Ewan Mitchell,Ewan_Mitchell,"""",Ewan_Mitchell,""",","""Ewan_Mitchell"","
889,309675,Pirates of the Caribbean (film series),Pirates_of_the_Caribbean_(film_series),"""",Pirates_of_the_Caribbean_(film_series),""",","""Pirates_of_the_Caribbean_(film_series)"","
890,309180,Michael Schumacher,Michael_Schumacher,"""",Michael_Schumacher,""",","""Michael_Schumacher"","
891,308997,Nicole Kidman,Nicole_Kidman,"""",Nicole_Kidman,""",","""Nicole_Kidman"","
892,308833,U.S. state,U.S._state,"""",U.S._state,""",","""U.S._state"","
893,308807,Art the Clown,Art_the_Clown,"""",Art_the_Clown,""",","""Art_the_Clown"","
894,308705,Bruce Lee,Bruce_Lee,"""",Bruce_Lee,""",","""Bruce_Lee"","
895,308405,The Godfather,The_Godfather,"""",The_Godfather,""",","""The_Godfather"","
896,308217,Helena Bonham Carter,Helena_Bonham_Carter,"""",Helena_Bonham_Carter,""",","""Helena_Bonham_Carter"","
897,307842,Conor McGregor,Conor_McGregor,"""",Conor_McGregor,""",","""Conor_McGregor"","
898,307633,James Dougherty (police officer),James_Dougherty_(police_officer),"""",James_Dougherty_(police_officer),""",","""James_Dougherty_(police_officer)"","
899,306188,Gerard Butler,Gerard_Butler,"""",Gerard_Butler,""",","""Gerard_Butler"","
900,306153,List of highest-grossing Kannada films,List_of_highest-grossing_Kannada_films,"""",List_of_highest-grossing_Kannada_films,""",","""List_of_highest-grossing_Kannada_films"","
901,305785,Stephen Graham,Stephen_Graham,"""",Stephen_Graham,""",","""Stephen_Graham"","
902,305720,Om Raut,Om_Raut,"""",Om_Raut,""",","""Om_Raut"","
903,305705,Carly Simon,Carly_Simon,"""",Carly_Simon,""",","""Carly_Simon"","
904,305431,Scooby-Doo,Scooby-Doo,"""",Scooby-Doo,""",","""Scooby-Doo"","
905,305378,2018 FIFA World Cup,2018_FIFA_World_Cup,"""",2018_FIFA_World_Cup,""",","""2018_FIFA_World_Cup"","
906,304930,Seoul Halloween crowd crush,Seoul_Halloween_crowd_crush,"""",Seoul_Halloween_crowd_crush,""",","""Seoul_Halloween_crowd_crush"","
907,304880,List of highest-grossing Tamil films,List_of_highest-grossing_Tamil_films,"""",List_of_highest-grossing_Tamil_films,""",","""List_of_highest-grossing_Tamil_films"","
908,304700,Women's Asia Cup,Women's_Asia_Cup,"""",Women's_Asia_Cup,""",","""Women's_Asia_Cup"","
909,304691,Slimer,Slimer,"""",Slimer,""",","""Slimer"","
910,304599,List of most-followed Instagram accounts,List_of_most-followed_Instagram_accounts,"""",List_of_most-followed_Instagram_accounts,""",","""List_of_most-followed_Instagram_accounts"","
911,304486,Martin Luther King Jr.,Martin_Luther_King_Jr.,"""",Martin_Luther_King_Jr.,""",","""Martin_Luther_King_Jr."","
912,304468,"Washington, D.C.","Washington,_D.C.","""","Washington,_D.C.",""",","""Washington,_D.C."","
913,304227,GloRilla,GloRilla,"""",GloRilla,""",","""GloRilla"","
914,303907,List of Rick and Morty episodes,List_of_Rick_and_Morty_episodes,"""",List_of_Rick_and_Morty_episodes,""",","""List_of_Rick_and_Morty_episodes"","
915,303881,A Certain Magical Index,A_Certain_Magical_Index,"""",A_Certain_Magical_Index,""",","""A_Certain_Magical_Index"","
916,303722,European Union,European_Union,"""",European_Union,""",","""European_Union"","
917,303673,OPEC,OPEC,"""",OPEC,""",","""OPEC"","
918,303540,Bad Bunny,Bad_Bunny,"""",Bad_Bunny,""",","""Bad_Bunny"","
919,303401,List of footballers with 500 or more goals,List_of_footballers_with_500_or_more_goals,"""",List_of_footballers_with_500_or_more_goals,""",","""List_of_footballers_with_500_or_more_goals"","
920,303188,Forrest Gump,Forrest_Gump,"""",Forrest_Gump,""",","""Forrest_Gump"","
921,303143,Saddam Hussein,Saddam_Hussein,"""",Saddam_Hussein,""",","""Saddam_Hussein"","
922,302940,Dog,Dog,"""",Dog,""",","""Dog"","
923,302904,Tony Curtis,Tony_Curtis,"""",Tony_Curtis,""",","""Tony_Curtis"","
924,302878,Guy Goma,Guy_Goma,"""",Guy_Goma,""",","""Guy_Goma"","
925,302452,Wagner Group,Wagner_Group,"""",Wagner_Group,""",","""Wagner_Group"","
926,302308,Alan Rickman,Alan_Rickman,"""",Alan_Rickman,""",","""Alan_Rickman"","
927,302152,Lockheed Martin F-35 Lightning II,Lockheed_Martin_F-35_Lightning_II,"""",Lockheed_Martin_F-35_Lightning_II,""",","""Lockheed_Martin_F-35_Lightning_II"","
928,302119,Rick Rubin,Rick_Rubin,"""",Rick_Rubin,""",","""Rick_Rubin"","
929,302102,Trevor Noah,Trevor_Noah,"""",Trevor_Noah,""",","""Trevor_Noah"","
930,301852,Daniel Radcliffe,Daniel_Radcliffe,"""",Daniel_Radcliffe,""",","""Daniel_Radcliffe"","
931,301732,Cher,Cher,"""",Cher,""",","""Cher"","
932,301723,Elizabeth Holmes,Elizabeth_Holmes,"""",Elizabeth_Holmes,""",","""Elizabeth_Holmes"","
933,301677,Jonathan Majors,Jonathan_Majors,"""",Jonathan_Majors,""",","""Jonathan_Majors"","
934,301662,Alexandra Daddario,Alexandra_Daddario,"""",Alexandra_Daddario,""",","""Alexandra_Daddario"","
935,301628,Daylight saving time,Daylight_saving_time,"""",Daylight_saving_time,""",","""Daylight_saving_time"","
936,301589,Ryan Gosling,Ryan_Gosling,"""",Ryan_Gosling,""",","""Ryan_Gosling"","
937,301318,Svante Pääbo,Svante_Pääbo,"""",Svante_Pääbo,""",","""Svante_Pääbo"","
938,300892,Suriya,Suriya,"""",Suriya,""",","""Suriya"","
939,300849,Steve Carell,Steve_Carell,"""",Steve_Carell,""",","""Steve_Carell"","
940,300490,Genghis Khan,Genghis_Khan,"""",Genghis_Khan,""",","""Genghis_Khan"","
941,300311,Geno Smith,Geno_Smith,"""",Geno_Smith,""",","""Geno_Smith"","
942,300264,The Shining (film),The_Shining_(film),"""",The_Shining_(film),""",","""The_Shining_(film)"","
943,300158,River Phoenix,River_Phoenix,"""",River_Phoenix,""",","""River_Phoenix"","
944,300128,Goodbye (2022 film),Goodbye_(2022_film),"""",Goodbye_(2022_film),""",","""Goodbye_(2022_film)"","
945,299999,Queen Elizabeth The Queen Mother,Queen_Elizabeth_The_Queen_Mother,"""",Queen_Elizabeth_The_Queen_Mother,""",","""Queen_Elizabeth_The_Queen_Mother"","
946,299951,Cartoon Network,Cartoon_Network,"""",Cartoon_Network,""",","""Cartoon_Network"","
947,299908,Human Development Index,Human_Development_Index,"""",Human_Development_Index,""",","""Human_Development_Index"","
948,299866,J. K. Rowling,J._K._Rowling,"""",J._K._Rowling,""",","""J._K._Rowling"","
949,299776,Omri Katz,Omri_Katz,"""",Omri_Katz,""",","""Omri_Katz"","
950,299748,Amouranth,Amouranth,"""",Amouranth,""",","""Amouranth"","
951,299651,Ncuti Gatwa,Ncuti_Gatwa,"""",Ncuti_Gatwa,""",","""Ncuti_Gatwa"","
952,299602,Overwatch 2,Overwatch_2,"""",Overwatch_2,""",","""Overwatch_2"","
953,299547,Prabhas,Prabhas,"""",Prabhas,""",","""Prabhas"","
954,299545,Chris Martin,Chris_Martin,"""",Chris_Martin,""",","""Chris_Martin"","
955,299249,2022–23 Premier League,2022–23_Premier_League,"""",2022–23_Premier_League,""",","""2022–23_Premier_League"","
956,299087,Dobaaraa,Dobaaraa,"""",Dobaaraa,""",","""Dobaaraa"","
957,298849,No Time to Die,No_Time_to_Die,"""",No_Time_to_Die,""",","""No_Time_to_Die"","
958,298684,LinkedIn,LinkedIn,"""",LinkedIn,""",","""LinkedIn"","
959,298534,Do Revenge,Do_Revenge,"""",Do_Revenge,""",","""Do_Revenge"","
960,298391,Hellraiser (franchise),Hellraiser_(franchise),"""",Hellraiser_(franchise),""",","""Hellraiser_(franchise)"","
961,297970,Emily Ratajkowski,Emily_Ratajkowski,"""",Emily_Ratajkowski,""",","""Emily_Ratajkowski"","
962,297654,Judy Tenuta,Judy_Tenuta,"""",Judy_Tenuta,""",","""Judy_Tenuta"","
963,297646,Jenna Ortega,Jenna_Ortega,"""",Jenna_Ortega,""",","""Jenna_Ortega"","
964,297265,Interstellar (film),Interstellar_(film),"""",Interstellar_(film),""",","""Interstellar_(film)"","
965,297232,Talulah Riley,Talulah_Riley,"""",Talulah_Riley,""",","""Talulah_Riley"","
966,296815,Megan Thee Stallion,Megan_Thee_Stallion,"""",Megan_Thee_Stallion,""",","""Megan_Thee_Stallion"","
967,296507,Thiruchitrambalam,Thiruchitrambalam,"""",Thiruchitrambalam,""",","""Thiruchitrambalam"","
968,296362,Helen Skelton,Helen_Skelton,"""",Helen_Skelton,""",","""Helen_Skelton"","
969,296285,FC Bayern Munich,FC_Bayern_Munich,"""",FC_Bayern_Munich,""",","""FC_Bayern_Munich"","
970,296050,Democratic Party (United States),Democratic_Party_(United_States),"""",Democratic_Party_(United_States),""",","""Democratic_Party_(United_States)"","
971,295992,Succession (TV series),Succession_(TV_series),"""",Succession_(TV_series),""",","""Succession_(TV_series)"","
972,295794,Anne Heche,Anne_Heche,"""",Anne_Heche,""",","""Anne_Heche"","
973,295730,Edgar Allan Poe,Edgar_Allan_Poe,"""",Edgar_Allan_Poe,""",","""Edgar_Allan_Poe"","
974,295641,Christopher Lee,Christopher_Lee,"""",Christopher_Lee,""",","""Christopher_Lee"","
975,295536,Sexual intercourse,Sexual_intercourse,"""",Sexual_intercourse,""",","""Sexual_intercourse"","
976,295372,Mrunal Thakur,Mrunal_Thakur,"""",Mrunal_Thakur,""",","""Mrunal_Thakur"","
977,295320,Sinking of MV Sewol,Sinking_of_MV_Sewol,"""",Sinking_of_MV_Sewol,""",","""Sinking_of_MV_Sewol"","
978,294544,Freemasonry,Freemasonry,"""",Freemasonry,""",","""Freemasonry"","
979,294534,Jeff Bridges,Jeff_Bridges,"""",Jeff_Bridges,""",","""Jeff_Bridges"","
980,294136,Liger (film),Liger_(film),"""",Liger_(film),""",","""Liger_(film)"","
981,294086,United Nations,United_Nations,"""",United_Nations,""",","""United_Nations"","
982,294048,Khvicha Kvaratskhelia,Khvicha_Kvaratskhelia,"""",Khvicha_Kvaratskhelia,""",","""Khvicha_Kvaratskhelia"","
983,293917,Republican Party (United States),Republican_Party_(United_States),"""",Republican_Party_(United_States),""",","""Republican_Party_(United_States)"","
984,293703,Spy × Family,Spy_×_Family,"""",Spy_×_Family,""",","""Spy_×_Family"","
985,293321,Yu Darvish,Yu_Darvish,"""",Yu_Darvish,""",","""Yu_Darvish"","
986,293229,Myra Lewis Williams,Myra_Lewis_Williams,"""",Myra_Lewis_Williams,""",","""Myra_Lewis_Williams"","
987,293068,The Northman,The_Northman,"""",The_Northman,""",","""The_Northman"","
988,292935,Burkina Faso,Burkina_Faso,"""",Burkina_Faso,""",","""Burkina_Faso"","
989,292934,Paul McCartney,Paul_McCartney,"""",Paul_McCartney,""",","""Paul_McCartney"","
990,292633,Sri Lanka,Sri_Lanka,"""",Sri_Lanka,""",","""Sri_Lanka"","
991,292612,Leonardo da Vinci,Leonardo_da_Vinci,"""",Leonardo_da_Vinci,""",","""Leonardo_da_Vinci"","
992,292515,Dulquer Salmaan,Dulquer_Salmaan,"""",Dulquer_Salmaan,""",","""Dulquer_Salmaan"","
993,292215,The World's Billionaires,The_World's_Billionaires,"""",The_World's_Billionaires,""",","""The_World's_Billionaires"","
994,292200,Martha Stewart,Martha_Stewart,"""",Martha_Stewart,""",","""Martha_Stewart"","
995,292193,God of War Ragnarök,God_of_War_Ragnarök,"""",God_of_War_Ragnarök,""",","""God_of_War_Ragnarök"","
996,292115,Midsommar,Midsommar,"""",Midsommar,""",","""Midsommar"","
997,292062,Celine Dion,Celine_Dion,"""",Celine_Dion,""",","""Celine_Dion"","
998,291892,Shakira,Shakira,"""",Shakira,""",","""Shakira"","
999,291814,Chris Pine,Chris_Pine,"""",Chris_Pine,""",","""Chris_Pine"","
1000,291756,List of presidents of the United States,List_of_presidents_of_the_United_States,"""",List_of_presidents_of_the_United_States,""",","""List_of_presidents_of_the_United_States"","